0,1,2,3,4,5,6,7,8,9
8.564421653747559,8.68267822265625,8.385398864746094,8.606979370117188,8.514904975891113,8.606406211853027,8.702768325805664,8.86135482788086,8.637911796569824,8.6049165725708
7.461695671081543,8.32818603515625,8.081574440002441,7.406578540802002,7.473046779632568,7.926682949066162,7.570558071136475,7.354053974151611,7.504613399505615,7.648016929626465
7.807924270629883,7.795339584350586,7.568572521209717,7.899330139160156,7.6961565017700195,7.6424784660339355,7.466028213500977,7.651455402374268,7.876402378082275,7.747826099395752
4.94582462310791,4.831801891326904,4.936465263366699,4.815264701843262,4.802184581756592,5.04777193069458,4.891477108001709,5.04403018951416,4.8566575050354,5.060422897338867
11.127054214477539,11.724910736083984,11.552759170532227,11.2568359375,11.392213821411133,11.40175724029541,11.294258117675781,11.69500732421875,11.296614646911621,11.414178848266602
1.9384808540344238,1.9855530261993408,1.9812010526657104,1.9709640741348267,2.0436484813690186,1.8502017259597778,1.9300121068954468,2.227112293243408,2.027379274368286,2.065746784210205
4.3896565437316895,4.537786960601807,4.56585168838501,4.529677867889404,4.476288795471191,4.651137351989746,4.3204874992370605,4.485504150390625,4.402479648590088,4.337272644042969
6.692367076873779,7.175595283508301,6.878946781158447,6.842039108276367,6.912413120269775,6.569146156311035,6.612076282501221,6.919964790344238,6.703124046325684,6.809610366821289
2.803825855255127,2.690441608428955,2.492676258087158,2.5163254737854004,2.7727091312408447,2.7188236713409424,2.558196783065796,2.898660182952881,2.839336395263672,2.5375876426696777
3.1123361587524414,3.240208387374878,2.9999983310699463,3.0609068870544434,3.2386951446533203,3.138155937194824,3.219247341156006,3.259308099746704,3.2642710208892822,3.135512351989746
4.514164924621582,4.79191255569458,4.668136119842529,4.64889669418335,4.5514984130859375,4.758969306945801,4.571000099182129,5.005569934844971,4.682852745056152,4.683919429779053
3.195354461669922,3.1869611740112305,2.9710397720336914,3.2276391983032227,2.97880482673645,2.9485232830047607,3.073185920715332,3.163820266723633,3.175044298171997,3.1392829418182373
2.877103328704834,2.672029972076416,3.004002809524536,3.1141815185546875,3.0207667350769043,2.846658229827881,3.0028328895568848,3.007197380065918,2.925034284591675,2.9941422939300537
8.9957857131958,9.18333625793457,9.48920726776123,9.197382926940918,9.102937698364258,9.404500961303711,9.196784973144531,9.043977737426758,9.10420036315918,9.312826156616211
8.464620590209961,8.495105743408203,8.76700210571289,8.462560653686523,8.405355453491211,8.551483154296875,8.563973426818848,8.530694007873535,8.293126106262207,8.26549243927002
1.6680707931518555,1.654628038406372,1.763311743736267,1.9218274354934692,1.5036541223526,1.494255542755127,1.8579668998718262,1.9116605520248413,1.7623165845870972,1.728208303451538
5.036750793457031,4.923727989196777,4.9597368240356445,4.985010147094727,5.123661994934082,4.875594139099121,4.974565505981445,4.94189453125,4.7791666984558105,5.131594657897949
9.263707160949707,9.799295425415039,9.426921844482422,9.237347602844238,9.452508926391602,9.349930763244629,9.484625816345215,9.714471817016602,9.287942886352539,9.358572006225586
7.862284183502197,8.096887588500977,8.14559555053711,8.23142147064209,7.829039096832275,8.263089179992676,8.03856086730957,7.919270038604736,7.922180652618408,8.024996757507324
7.284524917602539,7.735677719116211,7.465417861938477,7.486414432525635,7.795534133911133,7.44266414642334,7.528100967407227,7.586113929748535,7.539420127868652,7.401431083679199
6.159623622894287,6.523368835449219,6.206996917724609,6.450436592102051,6.349896430969238,6.197792053222656,6.586860179901123,6.594945907592773,6.25740909576416,6.366960525512695
6.293877124786377,6.374536037445068,6.4850287437438965,6.20132303237915,6.33683967590332,6.367949962615967,6.391548156738281,6.587356090545654,6.327586650848389,6.4463958740234375
4.400686264038086,4.38849401473999,4.390760898590088,4.4024434089660645,4.581214427947998,4.274806022644043,4.395982265472412,4.601584434509277,4.1965742111206055,4.4962921142578125
3.5165255069732666,3.3369596004486084,3.4612386226654053,3.4877004623413086,3.440781593322754,3.1444571018218994,3.3804361820220947,3.1807711124420166,3.1237616539001465,3.1931304931640625
8.519338607788086,8.634742736816406,8.675471305847168,8.282437324523926,8.605244636535645,8.687531471252441,8.769062995910645,8.301092147827148,8.113811492919922,8.171409606933594
6.988485813140869,6.980985164642334,7.178995609283447,6.850917339324951,6.908545017242432,6.866389751434326,6.739569664001465,7.000912189483643,6.97965669631958,6.777706146240234
4.932612419128418,4.905679702758789,5.011531829833984,4.985023498535156,4.967331886291504,4.713054180145264,4.89827823638916,4.986035346984863,4.7696852684021,4.753174781799316
7.121370315551758,7.268243789672852,7.323078632354736,7.15418004989624,7.117125511169434,7.373570919036865,7.204319953918457,7.390602111816406,7.0852789878845215,7.356878280639648
3.341810703277588,3.133763313293457,3.4036715030670166,3.3958330154418945,3.3220295906066895,3.3577840328216553,3.22163724899292,3.021895408630371,3.1149044036865234,3.008690357208252
4.041635990142822,3.8492581844329834,4.1790242195129395,4.109935760498047,3.854121685028076,4.198737621307373,3.781928539276123,4.051872253417969,3.99641489982605,4.005853176116943
5.92246150970459,6.308577537536621,6.027896881103516,5.868597984313965,6.007798671722412,5.694642066955566,5.821958065032959,5.835157871246338,5.850451946258545,5.872193336486816
3.2068753242492676,3.1291842460632324,3.2173542976379395,3.3106179237365723,2.8964972496032715,2.899096965789795,3.136953115463257,3.2206954956054688,2.994690418243408,3.187305450439453
5.942410469055176,6.087302207946777,6.26048469543457,6.244747638702393,6.305303573608398,6.3532395362854,5.982903480529785,5.922937393188477,6.395099639892578,5.963810443878174
1.0281785726547241,1.0759201049804688,0.9620625376701355,1.018069863319397,1.0903879404067993,1.047755479812622,1.01421320438385,1.115714430809021,1.0335558652877808,1.1149317026138306
5.350149154663086,5.1806488037109375,5.283573150634766,5.270096302032471,5.3196306228637695,5.494610786437988,5.204284191131592,5.257376194000244,5.3595781326293945,5.256633758544922
7.816463470458984,8.08348560333252,8.067532539367676,8.105401992797852,7.8987836837768555,8.377636909484863,7.8496575355529785,8.061931610107422,7.884449005126953,7.731809616088867
0.9951348900794983,1.0579047203063965,0.8811212182044983,0.9977630376815796,0.9888219237327576,0.9817824959754944,1.0424331426620483,1.0704302787780762,1.0047526359558105,0.9730028510093689
2.1369128227233887,2.0625789165496826,2.0822384357452393,2.3926005363464355,2.1833362579345703,2.1373164653778076,2.195044994354248,2.2689175605773926,2.1314046382904053,2.0517935752868652
4.635234832763672,4.947457790374756,4.394270896911621,4.5731353759765625,4.978449821472168,4.544937610626221,4.503516674041748,4.6962456703186035,4.604025363922119,4.554382801055908
0.9876373410224915,0.9087475538253784,1.0248945951461792,1.043466567993164,1.1021647453308105,1.1534291505813599,1.0865215063095093,1.1458728313446045,1.1754084825515747,1.0430123805999756
4.669780731201172,4.766974925994873,4.815258979797363,4.576808929443359,4.667627811431885,4.509133815765381,4.897536754608154,4.7117109298706055,4.663602352142334,4.782382011413574
5.047370910644531,5.373299598693848,5.2732930183410645,5.269289970397949,5.260324954986572,5.425158977508545,5.522595405578613,5.425659656524658,5.191110134124756,5.3928141593933105
6.175416946411133,6.5606279373168945,6.3175177574157715,6.256051540374756,6.577173233032227,6.432409763336182,6.54123592376709,6.492280006408691,6.520238399505615,6.59843635559082
1.0482227802276611,1.2272255420684814,0.9975799322128296,1.0743553638458252,1.1423816680908203,1.0156652927398682,1.1221359968185425,1.0552079677581787,1.3427354097366333,1.1615005731582642
7.960126876831055,7.991713047027588,7.814291477203369,7.807464599609375,8.127230644226074,7.981299877166748,8.056975364685059,7.846242904663086,7.952047348022461,7.817378044128418
9.35305118560791,9.863288879394531,9.196158409118652,9.63634967803955,9.526440620422363,9.49129581451416,9.216802597045898,9.372848510742188,9.18259334564209,9.247151374816895
4.928421497344971,4.744771480560303,5.0241007804870605,4.747419357299805,4.99100923538208,4.792527675628662,4.757351875305176,4.810458660125732,4.820172309875488,4.748166561126709
6.724478721618652,6.9506425857543945,6.827732086181641,6.810123920440674,6.703484058380127,6.6322712898254395,6.757411956787109,7.047906398773193,6.742977619171143,6.686805725097656
6.445563316345215,6.034482479095459,6.189335346221924,6.110147953033447,6.214560031890869,6.255228042602539,6.3268561363220215,6.439897060394287,6.562819480895996,6.447699546813965
6.782252788543701,6.852730751037598,6.962375164031982,6.862862586975098,6.7447028160095215,6.597893238067627,6.771466255187988,6.773960590362549,6.594855308532715,6.717062950134277
3.133976936340332,2.899547815322876,3.121805191040039,3.0623950958251953,3.272836923599243,3.182286262512207,3.0823328495025635,3.078547954559326,3.069403648376465,2.9530458450317383
6.346254348754883,6.792557239532471,6.645228385925293,6.693775177001953,6.6569905281066895,6.579356670379639,6.547016143798828,6.786779880523682,6.773519992828369,6.67578125
0.9438619017601013,0.7501411437988281,0.8768093585968018,0.9147403240203857,0.952564537525177,0.8610220551490784,0.8835331201553345,0.843495786190033,0.8446518778800964,0.8506753444671631
4.742506980895996,4.683286666870117,4.690000534057617,4.673420429229736,4.44802188873291,4.7793731689453125,4.690997123718262,4.596951484680176,4.493697166442871,4.7197585105896
2.107034921646118,1.9631056785583496,2.3387935161590576,2.101801872253418,1.9020601511001587,2.053623676300049,2.050779342651367,1.8817994594573975,2.0380971431732178,1.979838490486145
9.905485153198242,10.08126163482666,9.879525184631348,10.38612174987793,9.795387268066406,9.978641510009766,9.970464706420898,9.962396621704102,9.924324035644531,9.822469711303711
1.9533439874649048,1.8977670669555664,2.0844316482543945,1.968072772026062,1.830925464630127,1.9250775575637817,1.9211457967758179,1.9312628507614136,1.920467734336853,1.8942726850509644
3.4655375480651855,3.246636390686035,3.5045907497406006,3.4540982246398926,3.4413840770721436,3.7967352867126465,3.3052306175231934,3.682685136795044,3.4496541023254395,3.4006781578063965
9.374385833740234,9.387664794921875,9.554718971252441,9.260663986206055,9.144472122192383,9.793571472167969,9.649297714233398,9.304609298706055,9.48024845123291,9.508515357971191
4.196622848510742,4.412250518798828,4.364859580993652,4.35757303237915,4.018862724304199,4.153966426849365,4.233377456665039,4.292924404144287,4.259514808654785,4.309082508087158
1.8702505826950073,1.8392479419708252,1.9459747076034546,1.8975647687911987,2.088663339614868,2.040557384490967,1.8673874139785767,2.1128110885620117,1.980130672454834,1.7798205614089966
3.8266897201538086,3.4767489433288574,3.779254674911499,3.8871283531188965,3.755953788757324,3.842648983001709,3.7557172775268555,3.756032943725586,3.7005298137664795,3.7414703369140625
2.1455373764038086,2.2382915019989014,2.4069736003875732,2.2924838066101074,2.1046478748321533,2.355059862136841,2.3204216957092285,2.1940479278564453,2.205625057220459,2.1418650150299072
1.8573293685913086,1.6862030029296875,1.8174169063568115,1.9555939435958862,1.7623549699783325,1.8199965953826904,1.7156468629837036,1.7162185907363892,1.7645373344421387,1.6927437782287598
5.0398149490356445,5.146268367767334,5.052167892456055,5.019009113311768,5.006699085235596,4.800951957702637,4.940621852874756,5.458674430847168,4.951963424682617,5.1038713455200195
8.130839347839355,8.276174545288086,8.22015380859375,7.885091781616211,8.028000831604004,8.25809097290039,8.285294532775879,7.864993572235107,8.034202575683594,8.176093101501465
2.3320720195770264,2.3939566612243652,2.69693922996521,2.349686622619629,2.318464756011963,2.517171859741211,2.5371220111846924,2.5321619510650635,2.34806489944458,2.3348357677459717
1.3679214715957642,1.6028715372085571,1.0777689218521118,1.29607355594635,1.4714053869247437,1.178917407989502,1.0057411193847656,1.330541729927063,1.141348958015442,1.0146889686584473
5.294687271118164,5.399177074432373,5.355602264404297,5.186728000640869,5.302059173583984,5.3586955070495605,5.137449741363525,5.37529182434082,5.103867530822754,5.37908411026001
4.511627197265625,4.674099922180176,5.096043586730957,4.7157111167907715,4.623698711395264,4.8089680671691895,4.729582786560059,4.640328884124756,4.8009419441223145,4.7143073081970215
8.033429145812988,8.268793106079102,8.15324878692627,8.059003829956055,8.276110649108887,8.441324234008789,8.26461410522461,7.94407844543457,7.9927659034729,8.382317543029785
4.925424098968506,5.071568012237549,5.015837669372559,4.777826309204102,4.8377532958984375,5.024623870849609,4.995275497436523,5.069950580596924,5.175889015197754,4.927038669586182
10.846222877502441,10.81678581237793,10.44171142578125,10.397445678710938,10.505021095275879,10.539388656616211,10.820343971252441,10.84815788269043,9.885001182556152,10.51435375213623
1.9029185771942139,1.8985037803649902,2.0795273780822754,2.070279121398926,1.7929188013076782,1.8262455463409424,1.9246543645858765,1.7893176078796387,1.635290265083313,1.8218251466751099
5.437487602233887,5.708882808685303,5.562925815582275,5.853928089141846,5.581234455108643,5.799224853515625,5.834064483642578,5.6001877784729,5.589690685272217,5.783763408660889
10.371246337890625,10.587817192077637,10.570716857910156,10.336888313293457,10.354024887084961,10.624664306640625,10.426125526428223,10.573287963867188,10.298271179199219,10.41720962524414
3.880430221557617,3.9483563899993896,4.034297943115234,4.067184925079346,3.765063762664795,3.9293010234832764,3.5622313022613525,4.158516883850098,3.6907572746276855,3.8502213954925537
1.9817315340042114,1.5194697380065918,1.8084523677825928,2.0122666358947754,1.9350460767745972,2.0238144397735596,1.9687849283218384,2.1088528633117676,1.9340035915374756,1.9829479455947876
1.847476840019226,1.6123629808425903,1.78843355178833,1.8859003782272339,1.935194969177246,1.6850007772445679,1.8185737133026123,1.8888391256332397,1.7852253913879395,1.6892229318618774
5.73076057434082,6.0304484367370605,5.708311080932617,5.711256504058838,5.694226264953613,5.533952236175537,5.9398345947265625,5.905813217163086,5.736246585845947,5.857093811035156
3.051159381866455,2.803971767425537,2.8208770751953125,2.984678268432617,2.9314544200897217,2.8131563663482666,2.8798675537109375,2.850184440612793,2.568119764328003,2.8091862201690674
2.210862874984741,1.992544412612915,2.27223801612854,2.063765525817871,2.229238748550415,2.3192050457000732,2.0576672554016113,2.2911763191223145,2.1060407161712646,2.074261426925659
9.337186813354492,9.637903213500977,8.996106147766113,9.549473762512207,9.325041770935059,9.458050727844238,9.410987854003906,9.095797538757324,9.054118156433105,9.42546558380127
7.747608661651611,8.1171875,8.234607696533203,7.672754287719727,8.292179107666016,7.841136455535889,8.218754768371582,7.94536828994751,7.546646595001221,8.081356048583984
6.370705604553223,6.575239658355713,6.485093116760254,6.3497209548950195,6.388745307922363,6.620954990386963,6.300685405731201,6.625092506408691,6.286341190338135,6.659400939941406
6.124820232391357,6.4108099937438965,6.294983863830566,5.933024883270264,6.089691162109375,6.304360389709473,6.100098133087158,6.133258819580078,6.129228115081787,6.248383522033691
7.943092346191406,8.232355117797852,7.926429271697998,8.095507621765137,8.014091491699219,8.195272445678711,7.9552202224731445,8.01057243347168,7.909970283508301,8.064451217651367
5.838829040527344,6.0437912940979,6.015623569488525,5.877467632293701,5.935597896575928,6.139166355133057,6.024377822875977,6.178091049194336,5.856194972991943,5.835356712341309
9.782018661499023,9.71335506439209,9.706514358520508,9.694108963012695,9.47458267211914,9.47946834564209,9.83430290222168,9.427498817443848,9.766206741333008,9.504810333251953
3.7941789627075195,3.7483835220336914,3.991243362426758,3.720618724822998,3.9219131469726562,3.9436545372009277,3.7597389221191406,3.712892532348633,3.921807289123535,3.991143226623535
9.184534072875977,9.266617774963379,8.899338722229004,9.177924156188965,9.177852630615234,9.41175651550293,8.96363353729248,9.11005973815918,8.959607124328613,9.128531455993652
3.4662046432495117,3.632134199142456,3.677154302597046,3.317601203918457,3.5455641746520996,3.302708148956299,3.4465279579162598,3.525697946548462,3.3761518001556396,3.3163821697235107
11.744440078735352,11.75903606414795,11.593911170959473,11.652429580688477,11.091129302978516,11.448543548583984,12.070075035095215,11.40909481048584,11.221383094787598,11.853473663330078
6.270940780639648,6.476511478424072,6.6284356117248535,6.276959419250488,6.431196689605713,6.26233434677124,6.5473456382751465,6.311079025268555,6.253074645996094,6.2550129890441895
9.14799690246582,9.616534233093262,9.42050552368164,9.166067123413086,9.263672828674316,9.498615264892578,9.236689567565918,9.321922302246094,9.189104080200195,8.900019645690918
2.697366237640381,2.3647079467773438,2.851374387741089,2.5098581314086914,2.2981719970703125,2.6444904804229736,2.6084883213043213,2.6434617042541504,2.4707767963409424,2.560570001602173
4.116185665130615,4.1341872215271,4.488353252410889,4.103916645050049,4.134495735168457,4.278800964355469,3.9979677200317383,4.255463600158691,4.315173625946045,4.214951038360596
7.481817245483398,7.556858539581299,7.586090564727783,7.621619701385498,7.460142135620117,7.643458366394043,7.392333984375,7.494590759277344,7.464439868927002,7.483024597167969
2.041977643966675,1.947953224182129,1.9993400573730469,2.2647948265075684,2.1238250732421875,2.07326602935791,2.0117299556732178,2.029930830001831,2.272319793701172,1.9959198236465454
8.492047309875488,8.520102500915527,8.852638244628906,8.209218978881836,8.301688194274902,8.642974853515625,8.430388450622559,8.54775333404541,8.334585189819336,8.306680679321289
5.2129058837890625,5.476482391357422,5.222404956817627,5.174543380737305,5.337115287780762,5.093152046203613,5.311147212982178,5.233036994934082,5.114462852478027,5.382626056671143
2.8244261741638184,2.8456099033355713,2.9927144050598145,2.9492506980895996,2.719780206680298,3.06418514251709,2.9708893299102783,2.8290059566497803,2.8144524097442627,2.730426788330078
1.958633542060852,2.072826385498047,2.267045497894287,2.227630615234375,2.100465774536133,2.5766451358795166,2.152630090713501,2.3101112842559814,1.590221881866455,2.122110366821289
1.0385520458221436,0.8636707067489624,1.020409345626831,0.923700213432312,0.9747692942619324,1.1714999675750732,1.027910590171814,1.16322922706604,0.9843348264694214,0.9739620089530945
3.2906861305236816,3.0025100708007812,3.198835849761963,3.2556662559509277,3.099283218383789,3.096331834793091,3.1120293140411377,3.159655809402466,3.1309614181518555,3.0912539958953857
2.33038592338562,2.386018753051758,2.3402812480926514,2.54371976852417,2.54792857170105,2.4677791595458984,2.4328503608703613,2.4149222373962402,2.4125194549560547,2.5115363597869873
2.996495246887207,3.0329177379608154,2.9622459411621094,3.0412654876708984,2.9363038539886475,3.0437750816345215,2.7610867023468018,2.9339420795440674,2.9057228565216064,2.904752254486084
2.167053699493408,2.0051281452178955,2.265935182571411,2.1365604400634766,2.043931484222412,2.169776439666748,2.050572156906128,2.1434524059295654,1.9516886472702026,1.910887598991394
1.9500640630722046,1.725584626197815,2.0195209980010986,1.8142762184143066,1.7334171533584595,1.7561888694763184,1.8646444082260132,1.8264845609664917,1.8562737703323364,1.8000197410583496
8.731066703796387,8.764213562011719,8.708078384399414,8.50703239440918,8.322630882263184,8.540884017944336,8.762407302856445,8.568333625793457,8.541428565979004,8.320181846618652
7.7103753089904785,7.871239185333252,7.749536037445068,7.828003406524658,7.951983451843262,7.863465785980225,7.725538730621338,8.07136058807373,7.772758483886719,8.132529258728027
6.9876203536987305,6.811208248138428,7.457396507263184,6.604086399078369,6.948902606964111,6.771549224853516,6.846545219421387,6.8561882972717285,6.879990577697754,7.003519058227539
4.929192066192627,5.438689231872559,5.153950214385986,5.042142868041992,5.091685771942139,5.29055118560791,5.125970840454102,5.182358741760254,4.954858303070068,5.211031913757324
3.8728795051574707,3.9936764240264893,3.9211621284484863,3.9939041137695312,3.950746536254883,3.917639970779419,3.6948535442352295,4.059230804443359,3.821549654006958,3.5982325077056885
0.9904486536979675,0.9456577301025391,1.0356295108795166,1.030135154724121,1.0496299266815186,0.9660168290138245,1.045871615409851,1.0247738361358643,0.8973839282989502,1.0018216371536255
4.656907081604004,4.743224143981934,4.680917739868164,4.852795124053955,4.669967174530029,4.83308744430542,4.640739440917969,4.892514705657959,4.588871479034424,4.632493019104004
1.9645715951919556,1.5929903984069824,1.9370898008346558,2.2051825523376465,1.6805344820022583,2.053886890411377,1.8715293407440186,1.9829096794128418,1.7802734375,1.9225523471832275
4.618686676025391,4.811504364013672,4.984602451324463,4.9129533767700195,4.9877519607543945,4.859309673309326,4.745294094085693,4.940774917602539,4.893555641174316,5.039079666137695
6.60518217086792,6.8765764236450195,6.9985671043396,6.5690131187438965,6.690433502197266,6.954781532287598,6.834414482116699,6.69287109375,6.723964214324951,6.488239765167236
0.9771700501441956,0.8897807598114014,1.029056429862976,0.9944623708724976,0.8703233003616333,0.9872093796730042,0.9451145529747009,1.0663585662841797,0.9035441875457764,0.9182979464530945
6.01406717300415,6.3914875984191895,6.345510482788086,6.200228214263916,6.264321327209473,5.845115661621094,6.272701740264893,6.16184139251709,5.9886980056762695,6.158486843109131
5.385568618774414,5.543388366699219,5.597453594207764,5.456158638000488,5.570369720458984,5.594874382019043,5.476188659667969,5.536645412445068,5.488555908203125,5.343592643737793
1.051721453666687,1.0709086656570435,1.1876871585845947,1.043028473854065,1.014833927154541,1.1126543283462524,1.1524693965911865,1.3062958717346191,1.0752366781234741,1.1082779169082642
0.9281704425811768,0.7400916814804077,0.8872758150100708,0.9284893274307251,0.9981300234794617,0.8758400678634644,0.9979264140129089,0.9426682591438293,0.8914096355438232,0.9552333950996399
4.863183975219727,4.684938430786133,4.669064998626709,4.7154436111450195,4.748163223266602,4.94069242477417,4.863933086395264,4.739320755004883,4.962843418121338,4.520815372467041
7.693461894989014,7.606295585632324,7.917820453643799,7.922985076904297,7.757232666015625,7.754476070404053,7.685966968536377,7.7733612060546875,7.534949779510498,7.74332332611084
5.304935932159424,4.9001145362854,5.320145606994629,5.181547164916992,5.205844879150391,5.244958400726318,5.391697406768799,5.227413177490234,5.259084701538086,5.058981418609619
4.208217144012451,4.582836151123047,4.374855041503906,4.108214855194092,4.290435791015625,3.998694896697998,4.286567211151123,4.246977806091309,4.321294784545898,4.090326309204102
6.952963829040527,7.308718204498291,7.284882068634033,7.050539493560791,6.928186416625977,7.016483783721924,6.908546447753906,6.96776819229126,6.759716987609863,6.960024833679199
3.90458345413208,4.310316562652588,4.238810062408447,3.887345314025879,4.096159934997559,4.082845687866211,4.052568435668945,4.061796188354492,4.136009693145752,4.048215866088867
9.04981517791748,9.065898895263672,8.543913841247559,9.100359916687012,8.877251625061035,9.193425178527832,8.790689468383789,9.234944343566895,8.68358325958252,8.819987297058105
5.995688438415527,6.324069976806641,6.039653301239014,5.920520305633545,5.845852851867676,6.02852201461792,6.155853748321533,5.944412708282471,6.161510467529297,5.928747177124023
4.498885631561279,4.639029502868652,4.580521106719971,4.5260162353515625,4.731918811798096,4.690875053405762,4.667511463165283,4.58456563949585,4.407212734222412,4.648179054260254
1.051805853843689,1.0006598234176636,1.3270450830459595,1.0112422704696655,1.0460559129714966,1.0642147064208984,1.0373899936676025,1.3401408195495605,1.027402400970459,1.1830779314041138
5.285923004150391,5.349030017852783,5.299737930297852,5.433218479156494,5.310695648193359,5.484598636627197,5.392017364501953,5.2232160568237305,5.241054058074951,5.486044883728027
2.977292776107788,3.015256643295288,3.0182223320007324,3.0898070335388184,2.893228769302368,3.152029037475586,3.076345920562744,3.1774072647094727,3.136399030685425,2.859290838241577
3.896960973739624,4.0139241218566895,3.747304677963257,4.1488494873046875,4.073254108428955,3.799224376678467,3.9742770195007324,3.9252562522888184,4.273479461669922,4.209458351135254
2.448500156402588,2.462397813796997,2.3117153644561768,2.524937152862549,2.5373666286468506,2.414271831512451,2.6831600666046143,2.5356576442718506,2.469235420227051,2.4125003814697266
1.0985304117202759,0.9488798379898071,1.0162885189056396,1.0169377326965332,1.0541014671325684,0.8876248598098755,1.0918097496032715,1.1155667304992676,1.0486042499542236,1.0497757196426392
7.633440971374512,7.681517601013184,7.802911281585693,7.876382827758789,7.585253715515137,7.7599921226501465,7.536437511444092,7.655503273010254,7.803348064422607,7.320168495178223
5.913151264190674,6.358944416046143,6.061361312866211,6.051574230194092,5.8709492683410645,6.335845470428467,6.130085468292236,5.980953216552734,6.303877830505371,6.136654853820801
4.943119049072266,5.151435852050781,4.911332130432129,4.784956932067871,4.951846122741699,5.012206554412842,4.898004055023193,4.850215911865234,5.07775354385376,4.885876655578613
6.020998001098633,6.183362007141113,5.975302219390869,5.913851737976074,5.9644012451171875,5.853700637817383,6.022851943969727,5.920812606811523,5.963387489318848,6.104611396789551
6.174003601074219,6.153162956237793,6.1690521240234375,6.1260199546813965,6.056309700012207,6.343825817108154,6.165383815765381,6.120548248291016,6.112199306488037,6.224963665008545
8.741861343383789,8.858443260192871,8.94101619720459,8.827620506286621,8.660978317260742,8.839580535888672,8.545717239379883,8.767902374267578,8.633275985717773,8.547464370727539
1.0019080638885498,1.0150038003921509,1.0979971885681152,0.9355363845825195,0.8942756056785583,0.9693390727043152,1.0425947904586792,0.9631637334823608,0.9734798073768616,0.99253910779953
3.432386875152588,3.741199493408203,3.4248783588409424,3.634032726287842,3.4309165477752686,3.377429962158203,3.5342555046081543,3.466020107269287,3.223849058151245,3.4539287090301514
4.219960689544678,4.056877136230469,4.050792217254639,4.066896438598633,3.9127326011657715,3.838472366333008,3.9408998489379883,3.7988574504852295,3.669156074523926,3.982417106628418
0.9023071527481079,0.8474894165992737,0.8956318497657776,1.0118787288665771,0.9222750663757324,0.8172352313995361,0.9673122763633728,1.0775424242019653,0.952355146408081,0.9039444327354431
6.459988594055176,6.475195407867432,6.8603668212890625,6.585151672363281,6.469451427459717,6.8072285652160645,6.745790958404541,6.44135046005249,6.613383769989014,6.566103935241699
7.834532737731934,8.26176643371582,8.117819786071777,8.133402824401855,8.055546760559082,8.287149429321289,8.073227882385254,8.082427024841309,8.048761367797852,7.952259540557861
6.5539398193359375,6.807915210723877,6.8100905418396,6.815711498260498,6.897387981414795,6.753667831420898,6.7303924560546875,6.878537654876709,6.833260536193848,6.852083683013916
4.612541198730469,4.784939289093018,4.811983585357666,4.383866310119629,4.626473426818848,4.436739921569824,4.595743179321289,4.705432415008545,4.606471538543701,4.774068832397461
12.142850875854492,12.534199714660645,12.104738235473633,12.27972412109375,12.128759384155273,12.465495109558105,12.29422664642334,12.53251838684082,11.9786958694458,12.630451202392578
8.463072776794434,8.247071266174316,8.396986961364746,8.267906188964844,8.47961139678955,8.172431945800781,8.155804634094238,8.312731742858887,8.100955963134766,8.368103981018066
8.534444808959961,9.104815483093262,8.858094215393066,8.525627136230469,8.732322692871094,8.960942268371582,8.625396728515625,8.654383659362793,8.316391944885254,8.43891716003418
5.852382183074951,5.927264213562012,5.842761516571045,5.703648567199707,5.913916110992432,5.549244403839111,5.549455165863037,5.856372833251953,5.649887561798096,5.768506050109863
1.8966838121414185,1.9889557361602783,2.018491268157959,1.9283791780471802,2.240840435028076,1.9427233934402466,1.9359387159347534,1.8548462390899658,2.2884063720703125,2.105134963989258
4.182441711425781,4.505455493927002,4.156469345092773,4.434001445770264,4.347805023193359,4.099803924560547,4.349287509918213,4.236115455627441,4.353020668029785,4.508432865142822
3.385611057281494,3.270179033279419,3.3153762817382812,3.3511223793029785,3.495230197906494,3.283320426940918,3.133953332901001,3.3433291912078857,3.36104416847229,3.1969571113586426
9.301803588867188,9.609310150146484,9.670822143554688,9.291666030883789,9.440911293029785,9.370105743408203,9.423524856567383,9.341593742370605,9.347539901733398,9.548993110656738
5.061094760894775,5.253119945526123,5.028446197509766,5.060711860656738,5.330259323120117,5.014720916748047,5.307989597320557,5.230795860290527,5.078666687011719,4.944640159606934
6.519026279449463,6.782667636871338,6.645145416259766,6.29441499710083,6.5280280113220215,6.466897010803223,6.552339553833008,6.513121604919434,6.358153820037842,6.5130720138549805
4.339548110961914,4.088928699493408,4.320605754852295,4.286595821380615,4.12989616394043,4.073466777801514,4.319200038909912,4.19734001159668,3.7699763774871826,4.273472785949707
4.987085819244385,4.861451625823975,5.034821510314941,5.1387619972229,4.979109764099121,5.110286235809326,4.896782398223877,5.102108955383301,5.011223316192627,4.944686412811279
6.629500865936279,7.0144734382629395,6.713315010070801,6.63568639755249,6.477526664733887,6.693826198577881,6.703037261962891,6.51274299621582,6.4718451499938965,6.672393321990967
7.895495414733887,8.109981536865234,8.13343334197998,7.719583511352539,7.9289140701293945,7.931686878204346,7.667945384979248,7.683568477630615,7.853787899017334,7.803359031677246
6.215394020080566,6.455655097961426,6.461023330688477,6.265480041503906,6.476717472076416,6.638233184814453,6.4431891441345215,6.1712751388549805,6.566259860992432,6.301733016967773
4.507976531982422,4.595860958099365,4.235809803009033,4.69226598739624,4.431389331817627,4.455400466918945,4.551525592803955,4.585033416748047,4.307640075683594,4.413032531738281
4.797161102294922,4.678957939147949,4.636312484741211,4.732831001281738,4.763411045074463,4.868093013763428,4.730432510375977,4.980088710784912,4.677159309387207,4.8070831298828125
1.0282098054885864,1.007873773574829,1.1275116205215454,0.9476481676101685,1.0124084949493408,0.8945720195770264,1.0946799516677856,1.0773838758468628,1.0567597150802612,0.9995086789131165
4.121235370635986,4.055389881134033,4.012867450714111,4.0209245681762695,4.1526198387146,4.012355804443359,4.029397487640381,3.9150662422180176,4.070452690124512,4.191424369812012
6.553295612335205,6.641356945037842,6.638487815856934,6.907017707824707,6.679802417755127,6.725759983062744,6.491786003112793,6.548316955566406,6.355245113372803,6.527692794799805
2.1630496978759766,2.1892874240875244,2.239522695541382,2.288102149963379,2.2383365631103516,2.402108669281006,2.302311420440674,2.0891456604003906,2.208308458328247,2.1576433181762695
2.855562686920166,2.8588154315948486,2.9023377895355225,3.0648765563964844,2.804920196533203,2.9076144695281982,2.996088743209839,2.8091604709625244,2.7149384021759033,2.850637435913086
4.110897064208984,4.173132419586182,4.172967433929443,4.237839221954346,4.385664939880371,4.113856315612793,4.07542610168457,4.304506301879883,4.213221073150635,4.066648483276367
2.0722296237945557,2.2109146118164062,2.146251678466797,2.2524585723876953,2.092510461807251,2.092282295227051,2.125955581665039,2.2004330158233643,2.092608690261841,2.0950136184692383
10.273670196533203,10.142160415649414,10.377874374389648,9.872055053710938,10.154504776000977,9.989269256591797,10.20547103881836,10.082344055175781,10.106118202209473,9.954071044921875
4.026801586151123,3.831221580505371,3.958030939102173,3.9027013778686523,3.831611394882202,3.933015823364258,3.892660617828369,4.157041072845459,3.7087066173553467,3.7973597049713135
4.0490264892578125,3.950925588607788,4.1235175132751465,4.177412509918213,4.179884910583496,3.837928295135498,4.17095947265625,4.139660835266113,4.12565279006958,4.078303813934326
3.6482815742492676,3.936635732650757,3.5844783782958984,3.6818742752075195,3.6759138107299805,3.8824639320373535,3.793194055557251,3.9873948097229004,3.478524684906006,3.6155381202697754
7.3773298263549805,7.328129768371582,7.288607597351074,7.254258155822754,7.548959732055664,7.578121185302734,7.644865036010742,7.563345909118652,7.378286361694336,7.440911293029785
7.213193416595459,7.561276435852051,7.642266750335693,7.308514595031738,7.4412055015563965,7.4209980964660645,7.490470886230469,7.6679534912109375,7.2399067878723145,7.4639739990234375
6.536794662475586,6.542534351348877,6.781986236572266,6.543673992156982,6.630247592926025,6.348339080810547,6.705869674682617,6.473033905029297,6.699411392211914,6.628345012664795
8.730652809143066,9.239777565002441,8.98390007019043,8.733355522155762,8.857743263244629,9.019993782043457,9.198893547058105,8.953063011169434,8.670114517211914,8.763994216918945
6.999579906463623,7.307314395904541,6.907519817352295,6.880195140838623,7.00529146194458,6.9087724685668945,7.0615925788879395,6.9053730964660645,7.120148658752441,6.886679649353027
3.922006607055664,4.068606376647949,4.012337684631348,3.8835744857788086,3.8450770378112793,4.0685319900512695,4.053277969360352,3.8935580253601074,3.930781364440918,4.086931228637695
6.238684177398682,6.305558681488037,6.24716329574585,6.324300289154053,6.220765113830566,6.532505512237549,6.28016471862793,6.19189453125,5.977380275726318,6.238050937652588
3.3677735328674316,3.4004008769989014,3.2263948917388916,3.1103568077087402,3.2819249629974365,3.3091397285461426,3.079360246658325,3.147629737854004,3.3615124225616455,3.3892929553985596
3.6235642433166504,4.05562686920166,3.692023277282715,3.751213550567627,3.611360788345337,3.8725168704986572,3.7522997856140137,3.8267648220062256,3.6907098293304443,3.724738121032715
1.9048041105270386,1.8450757265090942,2.011669874191284,2.017566680908203,1.9598537683486938,1.9260575771331787,1.879695177078247,1.8236409425735474,1.9284024238586426,1.9321541786193848
5.742944240570068,5.90967321395874,5.906811714172363,5.613759994506836,5.677447319030762,5.94591760635376,5.721934795379639,6.076954364776611,5.617124557495117,5.692587852478027
4.306600570678711,4.685133934020996,4.317089080810547,4.191102981567383,4.332639217376709,4.622782230377197,4.32000207901001,4.408395767211914,4.546292304992676,4.448918342590332
2.701117992401123,2.3828601837158203,2.7000861167907715,2.6950836181640625,2.818605899810791,2.768336772918701,2.7236509323120117,2.688340187072754,2.7760732173919678,2.5448029041290283
4.274107933044434,3.907170534133911,4.120140075683594,4.431567192077637,3.9695146083831787,4.226120948791504,3.877652406692505,3.994814872741699,3.945765733718872,3.773519277572632
5.860987663269043,6.137631416320801,5.937112331390381,6.1194281578063965,5.88076114654541,5.772618293762207,5.938584327697754,6.20732307434082,5.897960186004639,6.031726360321045
6.088039875030518,6.538371562957764,5.900490760803223,5.947060585021973,5.985097408294678,6.102232933044434,6.012425422668457,6.344249725341797,5.930403709411621,5.956959247589111
8.234393119812012,8.410219192504883,8.36968994140625,8.075732231140137,8.231398582458496,8.499642372131348,8.45208740234375,8.866467475891113,8.393699645996094,8.170294761657715
1.8331751823425293,1.7985961437225342,1.983913779258728,2.0471677780151367,1.7985936403274536,2.0078158378601074,1.770085334777832,1.6798657178878784,1.7982650995254517,1.7398513555526733
3.742218017578125,3.9765779972076416,3.760106086730957,3.7849788665771484,3.9327073097229004,3.956404685974121,3.7554328441619873,3.943910598754883,3.6959493160247803,3.686279535293579
8.276261329650879,8.430877685546875,8.614058494567871,8.499883651733398,8.297585487365723,8.826720237731934,8.609949111938477,8.441935539245605,8.392624855041504,8.511216163635254
5.397974014282227,5.28632116317749,5.592707633972168,5.66521692276001,5.513088703155518,5.610133171081543,5.515227794647217,5.553717136383057,5.628892421722412,5.573789596557617
4.578302383422852,5.029293060302734,4.778397560119629,5.013988494873047,4.761699676513672,4.952178955078125,4.561183929443359,4.835214614868164,4.797511100769043,4.867810249328613
8.298469543457031,8.444275856018066,8.568784713745117,8.34524917602539,8.288774490356445,8.415687561035156,8.128480911254883,8.30187702178955,8.280023574829102,8.247614860534668
2.9037911891937256,3.0265073776245117,3.052868366241455,3.0113205909729004,2.728311538696289,3.175438404083252,2.802293300628662,3.1244866847991943,3.0710623264312744,3.3521108627319336
1.9937433004379272,1.8922346830368042,1.8867614269256592,2.0750961303710938,1.8783382177352905,1.8618968725204468,1.9251410961151123,1.982357382774353,1.9492427110671997,1.907231330871582
5.338747978210449,5.216777324676514,5.243046760559082,5.227302551269531,5.1505537033081055,5.000923156738281,5.285974979400635,5.2200751304626465,4.910353183746338,5.31915807723999
4.554205894470215,4.953177452087402,4.941055774688721,4.6831440925598145,4.5151777267456055,4.776692867279053,4.652570724487305,4.651609420776367,4.5432353019714355,4.571919918060303
3.9000988006591797,4.054824352264404,4.017856597900391,4.020908832550049,3.9996116161346436,3.867007255554199,3.7937700748443604,4.1168293952941895,4.1170806884765625,3.936779022216797
5.884122371673584,5.891289234161377,6.023913860321045,5.8960089683532715,5.966422080993652,6.099388122558594,5.73696231842041,5.6008992195129395,5.501397132873535,5.647077560424805
6.737473964691162,6.808223247528076,6.76053524017334,6.654057502746582,6.6676926612854,6.961058139801025,6.944052219390869,6.777298450469971,7.037642478942871,6.651398181915283
5.093175888061523,5.110970497131348,4.7595343589782715,4.894495487213135,4.85701847076416,4.950068473815918,4.934614181518555,5.046702861785889,4.896137237548828,5.060050964355469
2.1429624557495117,2.1034231185913086,2.209151029586792,2.192368984222412,1.9573017358779907,2.2142364978790283,2.1431405544281006,2.252464532852173,1.967576265335083,2.145834445953369
6.335430145263672,6.477590084075928,6.507041931152344,6.341160774230957,6.397280693054199,6.345797061920166,6.445030212402344,6.42046594619751,6.315636157989502,6.422976493835449
4.218891620635986,3.925342321395874,4.368662357330322,4.485866069793701,4.171489715576172,4.131229877471924,4.166024208068848,4.489068984985352,4.201631546020508,4.166037559509277
3.8669686317443848,4.059022903442383,3.861954927444458,4.072902679443359,3.5417957305908203,3.6866185665130615,3.962151050567627,4.069774627685547,3.849090576171875,3.642571449279785
1.8637882471084595,2.105853796005249,2.1829354763031006,2.084261417388916,2.0993916988372803,2.0629122257232666,2.193272590637207,2.240589141845703,1.9230983257293701,2.174623966217041
8.449277877807617,8.26916217803955,8.460372924804688,8.292861938476562,8.048635482788086,8.721415519714355,8.252948760986328,8.079092979431152,7.954594135284424,8.192264556884766
1.1290888786315918,1.2651355266571045,1.1725767850875854,1.1526319980621338,1.1999393701553345,1.3021531105041504,1.2372981309890747,1.5283606052398682,1.383253574371338,1.2729121446609497
6.513961315155029,6.716543674468994,6.695804119110107,6.795958995819092,6.590402603149414,6.661289215087891,6.69790506362915,6.638681888580322,6.596199035644531,6.563686370849609
1.0118045806884766,0.9198247194290161,1.0462037324905396,1.04473876953125,1.091225028038025,1.0358937978744507,0.9996849298477173,1.0011272430419922,1.0110665559768677,1.0124236345291138
6.412841796875,6.542132377624512,6.576699256896973,6.401147842407227,6.484838962554932,6.648128509521484,6.246020317077637,6.595407485961914,6.318240642547607,6.502054214477539
1.051542043685913,0.9592897891998291,0.9546527862548828,0.9656997919082642,1.0485191345214844,1.1040841341018677,1.045644760131836,1.030619740486145,1.0245739221572876,1.0286167860031128
2.6958529949188232,2.9299850463867188,2.8325932025909424,3.0992159843444824,2.7916035652160645,2.957820177078247,2.7911667823791504,2.9513800144195557,3.099785804748535,2.792511463165283
8.291525840759277,8.719260215759277,8.462122917175293,8.291330337524414,8.436017036437988,8.682232856750488,8.514471054077148,8.695094108581543,8.181307792663574,8.376069068908691
2.99666166305542,2.7120182514190674,2.91548490524292,2.9604439735412598,2.8239753246307373,3.064840078353882,2.7578113079071045,2.816922426223755,2.6510210037231445,2.67293119430542
5.744651794433594,6.0142598152160645,5.8651323318481445,5.883853435516357,6.0026702880859375,5.877614498138428,5.825734615325928,5.917849063873291,5.713740825653076,5.897106170654297
4.216306686401367,4.6178717613220215,4.341210842132568,4.155660152435303,4.395998477935791,4.2810235023498535,4.185802936553955,4.379301071166992,4.332273006439209,4.416513442993164
4.019800662994385,3.8640623092651367,4.01332426071167,4.053761005401611,4.128902435302734,3.660914182662964,3.847351551055908,3.956700563430786,3.7881500720977783,3.9332334995269775
4.959395885467529,5.194945812225342,5.12766695022583,4.944851875305176,4.92435359954834,4.852244853973389,5.217587947845459,5.212677478790283,4.920985698699951,4.82655143737793
1.0435982942581177,0.8180699944496155,1.0580106973648071,0.975184440612793,1.0447452068328857,0.9125479459762573,1.0181654691696167,0.9763212203979492,1.0922538042068481,0.9757355451583862
3.4687466621398926,3.236055850982666,3.6234114170074463,3.5737180709838867,3.5097668170928955,3.5850279331207275,3.4541590213775635,3.2677485942840576,3.351444959640503,3.4107472896575928
3.3654706478118896,3.2828311920166016,3.138897657394409,3.392868995666504,3.2641942501068115,3.4365525245666504,3.512239456176758,3.4248242378234863,3.316913604736328,3.4689605236053467
4.828078746795654,4.871561527252197,4.9795756340026855,5.000938892364502,5.111613750457764,4.723386287689209,4.933537483215332,4.964223384857178,4.5429840087890625,4.769154071807861
2.421225070953369,2.4193294048309326,2.5894172191619873,2.637333393096924,2.3168728351593018,2.5519275665283203,2.4645910263061523,2.6768076419830322,2.58540678024292,2.5269954204559326
1.0331133604049683,0.888861894607544,1.059108853340149,1.0235705375671387,1.0725908279418945,1.1774742603302002,1.017429232597351,1.0715309381484985,0.9832311868667603,1.011999249458313
8.732368469238281,8.582837104797363,8.743032455444336,8.737614631652832,8.391225814819336,8.652691841125488,8.431377410888672,8.600923538208008,8.397531509399414,8.432099342346191
8.943180084228516,9.22723388671875,9.002195358276367,9.008843421936035,8.807367324829102,9.096297264099121,8.981316566467285,9.146077156066895,8.76893138885498,9.045495986938477
2.7279839515686035,2.6489460468292236,2.8719899654388428,2.537449836730957,2.6807942390441895,2.8202733993530273,2.830798864364624,2.9474575519561768,2.786348581314087,2.5942702293395996
4.191497802734375,4.419641017913818,4.167647361755371,4.41552734375,4.113637447357178,4.255924224853516,4.114912033081055,4.303307056427002,4.292062759399414,4.17073917388916
2.863772392272949,3.03825306892395,3.04232120513916,2.950221061706543,2.9853804111480713,3.029271364212036,3.0282273292541504,3.0296976566314697,2.895991563796997,2.623399019241333
2.6059460639953613,2.763171672821045,2.8254735469818115,2.7994441986083984,2.6043291091918945,2.6399786472320557,2.7900235652923584,2.6578545570373535,2.694920301437378,2.6887500286102295
7.293659210205078,7.206042289733887,7.257692813873291,7.132668972015381,7.13646125793457,7.089369297027588,7.144135475158691,7.4169697761535645,6.81935977935791,7.265499591827393
10.575798034667969,10.885156631469727,10.77558708190918,10.765625953674316,10.443755149841309,10.544159889221191,10.629385948181152,10.952526092529297,10.56784439086914,10.7201566696167
3.233671188354492,3.159245729446411,3.3323066234588623,3.272273063659668,3.3718314170837402,3.2816431522369385,3.285179853439331,3.3894693851470947,3.266857862472534,3.025118350982666
9.865415573120117,9.958081245422363,9.958267211914062,9.936275482177734,9.776998519897461,9.76233959197998,9.973685264587402,9.73591423034668,9.626191139221191,9.441901206970215
6.356692314147949,6.191349983215332,6.529022693634033,6.314579010009766,6.512050151824951,6.557484149932861,6.278574466705322,6.614891529083252,6.265809059143066,6.368356704711914
8.293904304504395,8.387181282043457,8.701577186584473,8.036628723144531,8.236634254455566,8.658212661743164,8.10002613067627,8.343744277954102,7.86007022857666,8.312718391418457
6.301782608032227,6.1066203117370605,6.404747486114502,6.328423976898193,6.518905162811279,6.480597019195557,6.579174518585205,6.542881488800049,6.135265350341797,6.309886932373047
3.0932250022888184,2.911569118499756,2.880535125732422,2.9659833908081055,2.8313190937042236,3.0189034938812256,3.0034162998199463,3.086857557296753,2.9466969966888428,2.732706308364868
1.1840174198150635,1.1402268409729004,1.115964651107788,1.0223227739334106,1.1542185544967651,1.1858923435211182,1.133529543876648,1.092315435409546,1.2889399528503418,1.0400140285491943
4.011879920959473,4.214289665222168,4.084385395050049,4.038448810577393,3.868903636932373,3.9320836067199707,3.73652982711792,4.067809104919434,4.212001800537109,4.05751371383667
4.3554277420043945,4.239902019500732,4.338654041290283,4.330730438232422,4.206651210784912,4.355151653289795,4.328714847564697,4.259064197540283,4.133005619049072,4.332282066345215
4.545526504516602,4.295865535736084,4.25587272644043,4.363167762756348,4.258484363555908,4.5378546714782715,4.376765727996826,4.448121547698975,4.382049560546875,4.322264671325684
1.0027718544006348,0.9075878858566284,0.9780868291854858,0.9512267112731934,0.9899428486824036,1.0176289081573486,1.0041455030441284,1.0605374574661255,1.055617332458496,0.932173490524292
5.085381031036377,4.891178607940674,5.169681072235107,5.0511627197265625,5.069006443023682,5.0080647468566895,5.111276626586914,4.962155818939209,4.902347564697266,4.950131416320801
3.8118860721588135,3.9228336811065674,3.7914910316467285,3.773362159729004,3.8804638385772705,3.809807777404785,3.741711378097534,4.061884880065918,3.986401319503784,3.808274984359741
4.025957107543945,4.085697174072266,4.160312175750732,4.252618789672852,4.15822172164917,4.259912014007568,4.2822041511535645,4.452843189239502,4.163486957550049,4.113081455230713
10.460131645202637,10.84892749786377,10.625625610351562,10.433650970458984,10.417466163635254,10.603647232055664,10.30798625946045,10.46783447265625,10.195850372314453,10.481380462646484
2.171922206878662,2.4986581802368164,2.160763740539551,2.4211487770080566,2.2430057525634766,2.2953107357025146,1.8041001558303833,2.2534406185150146,2.332533121109009,2.0888497829437256
2.410083293914795,2.3562939167022705,2.486180305480957,2.348267078399658,2.4041569232940674,2.448453903198242,2.3692405223846436,2.594831705093384,2.4785702228546143,2.452025890350342
2.162149667739868,1.8664430379867554,2.029391050338745,1.9780293703079224,1.9541041851043701,2.1103882789611816,2.0152747631073,2.076063632965088,1.906514286994934,1.8607637882232666
8.16899585723877,8.435369491577148,8.29899787902832,8.510311126708984,8.559138298034668,8.207520484924316,8.57747745513916,8.60276985168457,8.14958381652832,8.456513404846191
8.27910327911377,8.352654457092285,8.698395729064941,8.010741233825684,8.137006759643555,8.707016944885254,8.237918853759766,8.03275203704834,8.20524787902832,8.373647689819336
8.06375789642334,8.022266387939453,8.26284408569336,7.858593940734863,7.8853607177734375,8.181743621826172,8.328652381896973,7.778704643249512,7.919135570526123,8.101808547973633
6.55559778213501,6.75410270690918,6.542522430419922,6.515817642211914,6.568451404571533,6.670624732971191,6.842669486999512,6.627432346343994,6.647592067718506,6.704625606536865
5.414992332458496,5.5642547607421875,5.745594501495361,5.672313213348389,5.654997825622559,5.540180683135986,5.583791732788086,5.620737075805664,5.511486530303955,5.505746841430664
3.7752997875213623,3.9339864253997803,3.926362991333008,3.8166885375976562,3.800462484359741,3.7224631309509277,3.791912078857422,4.190560340881348,3.8557839393615723,3.69016170501709
9.287353515625,9.320481300354004,9.25393295288086,9.082937240600586,9.254605293273926,9.410970687866211,8.957797050476074,9.155009269714355,9.081767082214355,9.334921836853027
5.923284530639648,6.387373447418213,6.3093085289001465,6.2809014320373535,6.12092399597168,5.990253925323486,5.95866060256958,6.312671661376953,5.895900249481201,6.124279975891113
10.662585258483887,11.04558277130127,10.40440559387207,10.676072120666504,10.331427574157715,10.466649055480957,10.850630760192871,10.308704376220703,10.303442001342773,10.841835975646973
6.266083240509033,6.329631805419922,6.540203094482422,6.533203125,6.288265228271484,6.428312301635742,6.370489120483398,6.166316986083984,6.670206069946289,6.5893988609313965
6.944074630737305,6.815597057342529,6.673074722290039,7.0626020431518555,6.836647987365723,6.816373825073242,7.18480920791626,7.085968494415283,7.098143577575684,6.768858909606934
10.406277656555176,10.501654624938965,10.533998489379883,10.440436363220215,10.295494079589844,10.304801940917969,10.562880516052246,10.796021461486816,10.031846046447754,10.380585670471191
8.561055183410645,8.74743366241455,8.47757625579834,8.763988494873047,8.709040641784668,8.808151245117188,8.201786041259766,8.485109329223633,8.374207496643066,8.296586990356445
7.616451263427734,7.87785005569458,7.912853717803955,7.603750705718994,7.5890607833862305,7.651943683624268,7.978810787200928,8.001066207885742,7.638777732849121,7.495245933532715
2.023658275604248,1.938047170639038,2.286005973815918,2.1334409713745117,2.1263973712921143,1.8384836912155151,1.983193278312683,1.9715534448623657,1.9282432794570923,1.9778026342391968
4.756878852844238,4.922165393829346,4.944949150085449,4.945359706878662,4.795938014984131,5.111166477203369,4.574127197265625,4.789958477020264,4.768298149108887,4.6639814376831055
8.722548484802246,9.26729965209961,9.044783592224121,8.620487213134766,8.518911361694336,8.43857479095459,8.519920349121094,8.626203536987305,8.311788558959961,8.596929550170898
9.72821044921875,10.077922821044922,9.980104446411133,9.863040924072266,9.700347900390625,9.752718925476074,9.752169609069824,9.767269134521484,9.5896635055542,9.767948150634766
4.089496612548828,4.165762901306152,4.320648193359375,4.189385890960693,4.10130500793457,3.9640402793884277,4.080044746398926,4.25847864151001,4.247171878814697,4.274496555328369
5.379651069641113,5.721946716308594,5.805898189544678,5.597017288208008,5.77967643737793,5.542441368103027,5.478516101837158,5.617923259735107,5.310794830322266,5.701277256011963
5.041981220245361,5.072575092315674,5.1578049659729,5.135847091674805,5.245120048522949,5.335568428039551,5.340602874755859,5.112180233001709,5.028709411621094,4.91875696182251
5.547719478607178,5.881459712982178,5.932046413421631,5.814415454864502,5.750208377838135,5.747406959533691,5.836190700531006,5.878670692443848,5.929138660430908,5.789389133453369
3.509462833404541,3.4245615005493164,3.433631658554077,3.7004904747009277,3.4186489582061768,3.6856868267059326,3.5408332347869873,3.6253626346588135,3.625767230987549,3.3572235107421875
3.2785468101501465,3.3398725986480713,3.331766366958618,3.3992505073547363,3.4467928409576416,3.2662055492401123,3.1773078441619873,3.2031092643737793,3.08426833152771,3.1015448570251465
5.280466079711914,5.282495975494385,5.5657172203063965,5.426530838012695,5.228211879730225,5.082282543182373,5.29913854598999,5.467497825622559,5.310701370239258,5.269047260284424
4.372631072998047,4.5570597648620605,4.926906585693359,4.630733489990234,4.457151412963867,4.398778915405273,4.59780216217041,4.6092448234558105,4.439327716827393,4.66107177734375
1.0658496618270874,0.9703874588012695,1.0678354501724243,1.0425432920455933,1.0420697927474976,1.1141163110733032,1.0397498607635498,1.0980647802352905,1.172123908996582,0.9772539734840393
10.211362838745117,10.476045608520508,10.325000762939453,9.946022033691406,10.424365043640137,10.124641418457031,10.1815824508667,9.844707489013672,10.057333946228027,9.984550476074219
3.1388580799102783,2.8750319480895996,3.271113634109497,3.007765293121338,3.1006410121917725,3.100348472595215,2.9516406059265137,3.1920692920684814,3.079777956008911,3.0454933643341064
4.813857555389404,4.888991832733154,4.576500415802002,4.750532627105713,4.841676235198975,4.6996283531188965,4.747154235839844,4.710554122924805,4.7599077224731445,4.946495532989502
5.087962627410889,4.966075897216797,5.018434524536133,4.927873611450195,5.034500598907471,5.102773666381836,5.021258354187012,4.909759521484375,5.001791477203369,5.011596202850342
9.275983810424805,9.26674747467041,9.205035209655762,9.678730010986328,9.141592979431152,9.17831039428711,8.991823196411133,9.491934776306152,9.158666610717773,9.130849838256836
7.193581581115723,6.954538822174072,7.197817802429199,7.12684440612793,7.021505355834961,7.150031566619873,7.1465606689453125,6.9445109367370605,6.965413570404053,7.168944835662842
10.524820327758789,10.47119426727295,10.202200889587402,10.562357902526855,10.367988586425781,10.40257453918457,10.314131736755371,10.375814437866211,10.426215171813965,10.200311660766602
2.0813896656036377,1.9739174842834473,1.9432764053344727,2.129641056060791,2.142951011657715,2.0975866317749023,2.054906129837036,2.0305612087249756,1.9593182802200317,2.1469974517822266
2.0184688568115234,1.9195337295532227,2.1525979042053223,2.201777935028076,2.061279058456421,2.062357187271118,2.0683603286743164,2.3165061473846436,2.2156906127929688,2.048919439315796
3.9887046813964844,4.066766262054443,3.776951313018799,3.8150978088378906,3.7361087799072266,3.8271403312683105,3.7957465648651123,3.9078147411346436,3.8487205505371094,3.7526302337646484
4.982266426086426,4.956852912902832,5.125521183013916,4.877917766571045,4.698905944824219,4.984168529510498,4.772634506225586,4.816350936889648,4.960618495941162,4.844387054443359
1.0392147302627563,0.978129506111145,1.0949350595474243,1.0124977827072144,1.0544486045837402,1.1284559965133667,1.0946630239486694,1.0410789251327515,1.073694109916687,1.1151937246322632
6.279930591583252,6.374546051025391,6.483709335327148,6.2628045082092285,6.332042217254639,6.404117107391357,6.208550930023193,6.240134239196777,6.271045684814453,6.293496131896973
6.726413249969482,6.884434700012207,7.135054588317871,6.93515682220459,6.911652088165283,6.614715576171875,6.845401287078857,6.8076558113098145,6.518494129180908,6.584743499755859
3.943268299102783,4.151153564453125,3.8329954147338867,3.8399910926818848,3.923696279525757,3.7629265785217285,3.6638681888580322,3.7029001712799072,3.8087668418884277,3.7220284938812256
2.0882389545440674,2.0226755142211914,2.186307430267334,2.181138515472412,2.054703712463379,2.2075579166412354,2.029766082763672,2.2369096279144287,2.1310739517211914,2.051089286804199
8.810754776000977,9.053572654724121,8.815705299377441,8.803996086120605,8.942656517028809,9.209453582763672,8.678424835205078,9.014730453491211,8.724688529968262,8.829694747924805
7.8718180656433105,8.182241439819336,7.810309410095215,7.993654251098633,7.876762390136719,7.78451681137085,7.568781852722168,7.947656631469727,7.808520793914795,8.024287223815918
6.738077163696289,6.99731969833374,6.8385009765625,6.604410648345947,6.918933868408203,6.82199764251709,6.972202301025391,6.737634181976318,6.518182277679443,6.866147518157959
2.9516091346740723,1.0246456861495972,1.821878433227539,4.605983257293701,3.0663373470306396,1.9709042310714722,1.4539265632629395,2.196105480194092,2.111515760421753,1.8520857095718384
1.8308390378952026,1.7249120473861694,1.9253536462783813,1.9680086374282837,1.7985109090805054,1.7933763265609741,1.8761088848114014,1.8981904983520508,1.7823630571365356,1.9618421792984009
4.874660015106201,5.102860927581787,4.97303581237793,4.423440933227539,4.842217445373535,5.231516361236572,4.873643398284912,4.80093240737915,4.588326930999756,4.546102523803711
5.020617961883545,5.537388324737549,5.246188163757324,5.117975234985352,5.213053226470947,5.112889289855957,5.225480079650879,5.3372802734375,5.161176681518555,5.168603897094727
9.4248046875,9.692062377929688,9.65065860748291,9.196300506591797,9.601625442504883,9.24111557006836,9.46544361114502,9.234380722045898,9.378650665283203,9.387985229492188
4.305384635925293,4.331223011016846,4.377858638763428,4.248421669006348,4.299472332000732,4.242941379547119,4.421820163726807,4.2021284103393555,4.173830032348633,4.291070938110352
1.7768927812576294,1.9761240482330322,1.989966869354248,2.1638855934143066,2.1560311317443848,1.897367238998413,1.8777261972427368,2.0680906772613525,1.9449905157089233,2.0184919834136963
5.761858940124512,6.0889506340026855,5.972895622253418,6.133389472961426,5.824839115142822,5.6853203773498535,6.116160869598389,6.063138961791992,5.652256488800049,6.00635290145874
2.074493408203125,1.9648528099060059,2.119469165802002,2.1411495208740234,2.026611566543579,2.142786741256714,2.160271167755127,2.118321657180786,2.145676612854004,1.9933322668075562
2.0895543098449707,1.9542655944824219,2.349902629852295,2.106189727783203,2.0875375270843506,2.187540054321289,2.1504595279693604,2.225095272064209,2.079984188079834,2.2514352798461914
5.6401166915893555,6.166001796722412,5.977283954620361,5.876137733459473,5.896548271179199,6.279861927032471,5.823883056640625,6.232959747314453,5.934489727020264,6.032137393951416
10.557859420776367,10.824287414550781,10.63165283203125,10.567466735839844,10.612010955810547,10.433409690856934,10.459101676940918,10.362709045410156,10.081010818481445,10.515453338623047
5.2608842849731445,5.521791458129883,5.719627380371094,5.176040172576904,5.65070915222168,5.890857219696045,5.599991798400879,5.637713432312012,5.370633125305176,5.681518077850342
6.6556172370910645,6.846636772155762,7.057926654815674,6.42291784286499,6.820000171661377,6.781173229217529,6.876824378967285,6.405179500579834,6.538514137268066,6.711268424987793
0.9674039483070374,1.0094660520553589,0.7419532537460327,1.1194579601287842,0.9061110019683838,0.9223788380622864,1.03560209274292,1.1277134418487549,0.8539513349533081,1.0074917078018188
6.01518440246582,5.620134353637695,5.659704208374023,5.0862135887146,5.116123199462891,4.487293243408203,5.862092018127441,5.357853889465332,4.687752723693848,5.486608505249023
8.267619132995605,8.479851722717285,8.54716968536377,8.638315200805664,8.67117977142334,8.71197509765625,8.465592384338379,8.51280403137207,8.653918266296387,8.540053367614746
4.295312404632568,4.392009735107422,4.397343158721924,4.292616367340088,4.209306716918945,4.230488300323486,4.372645854949951,4.418376922607422,4.287832736968994,4.1354079246521
6.237647533416748,6.16484260559082,6.225419998168945,6.430281162261963,6.215160846710205,6.147140026092529,6.1597466468811035,6.1517109870910645,6.142427444458008,6.024209976196289
3.1669085025787354,3.1790647506713867,3.2704834938049316,3.0915069580078125,2.896343231201172,3.3112475872039795,2.9862561225891113,3.227491617202759,3.1121768951416016,2.898892879486084
5.8042707443237305,5.937721252441406,5.8999834060668945,5.736678123474121,5.738093376159668,5.954731464385986,5.622547626495361,5.7423882484436035,5.763814449310303,5.682018756866455
5.489815711975098,5.748316764831543,5.660098552703857,5.685218811035156,5.445674419403076,5.405097484588623,5.467175483703613,5.743853569030762,5.667515754699707,5.603381633758545
7.852743148803711,7.8947224617004395,8.097148895263672,8.029373168945312,8.07840347290039,8.108742713928223,7.858409881591797,7.820373058319092,7.873338222503662,8.00029468536377
1.0148464441299438,1.0148565769195557,1.1427998542785645,1.0070576667785645,1.0322175025939941,1.1820974349975586,1.029659628868103,1.0389198064804077,1.0825916528701782,1.0210341215133667
2.384112596511841,2.3731720447540283,2.3128418922424316,2.469748020172119,2.3727974891662598,2.4296457767486572,2.4241936206817627,2.4720230102539062,2.33308744430542,2.532374858856201
7.999293327331543,7.84913969039917,8.006765365600586,7.519836902618408,7.628352642059326,8.110074043273926,7.944472312927246,7.67491340637207,7.822050094604492,7.7524824142456055
6.827082633972168,7.025280952453613,7.029311656951904,6.990783214569092,6.98255729675293,7.239317893981934,6.939141750335693,6.922834873199463,6.88500452041626,7.0392584800720215
3.886615753173828,3.8194503784179688,4.004364013671875,3.855727195739746,3.9843504428863525,3.3946444988250732,4.141267776489258,3.933816909790039,4.02480936050415,3.7407493591308594
3.688272714614868,4.078583717346191,3.758349895477295,4.027367115020752,3.880300760269165,3.746699810028076,3.90566086769104,3.6674511432647705,3.6218016147613525,3.858236312866211
7.197195053100586,7.758347511291504,7.6534857749938965,7.336154460906982,7.477603912353516,7.656714916229248,7.203673362731934,7.464681625366211,7.293273448944092,7.2766852378845215
2.352829933166504,2.326676368713379,2.298487663269043,2.3742289543151855,2.302635908126831,2.5456907749176025,2.324017286300659,2.3347671031951904,2.4565558433532715,2.243165969848633
4.092852592468262,3.9992868900299072,3.9675328731536865,3.8931808471679688,4.146435737609863,3.9892401695251465,4.176285743713379,3.99701189994812,3.9537363052368164,3.951199531555176
8.672123908996582,9.39647102355957,8.947565078735352,8.759530067443848,8.883526802062988,9.118456840515137,8.953261375427246,8.934354782104492,8.684673309326172,8.984259605407715
11.143988609313965,11.297144889831543,11.36705493927002,10.962392807006836,10.832432746887207,11.495655059814453,10.846343040466309,11.024483680725098,10.885048866271973,11.145888328552246
10.478291511535645,10.968247413635254,10.981982231140137,10.416504859924316,10.299835205078125,10.86805248260498,10.30275821685791,10.728143692016602,10.478842735290527,10.53368854522705
3.1796209812164307,3.250025510787964,3.156163454055786,3.2596640586853027,3.1178805828094482,3.571315288543701,3.3035101890563965,3.4404408931732178,3.1442179679870605,3.3713178634643555
2.2184269428253174,2.350602388381958,2.3589792251586914,2.250001907348633,2.103053569793701,2.1774332523345947,2.3890953063964844,2.2385659217834473,2.123918294906616,2.2034847736358643
7.974942207336426,8.305904388427734,8.333087921142578,8.018086433410645,8.137383460998535,7.96846342086792,8.387393951416016,8.00456714630127,7.62479829788208,8.027414321899414
0.9969105124473572,0.8204386234283447,1.1439638137817383,0.924574613571167,0.8987056016921997,1.0809764862060547,0.9655935764312744,1.2014178037643433,1.1192072629928589,0.9705522060394287
7.181319236755371,7.218520641326904,7.532814025878906,7.075433731079102,7.147739410400391,7.37087869644165,7.220422744750977,7.107451915740967,6.990545749664307,6.887634754180908
5.255463600158691,5.282654285430908,5.52091121673584,5.456018447875977,5.174035549163818,5.508359432220459,5.28291130065918,5.255740642547607,4.973149299621582,5.1421732902526855
1.8908451795578003,1.720346212387085,1.9871742725372314,1.9070402383804321,1.8651937246322632,1.9259319305419922,1.801051139831543,1.9875866174697876,1.7538878917694092,1.8261678218841553
3.8255815505981445,3.729672431945801,4.079392433166504,3.9497156143188477,3.97526478767395,3.700352907180786,4.096489906311035,3.794766902923584,3.9530773162841797,4.077899932861328
5.572556495666504,5.824577331542969,5.750181198120117,5.618744373321533,5.655752182006836,5.419839382171631,5.512274265289307,5.316664695739746,5.310251712799072,5.324965953826904
9.700249671936035,10.029345512390137,10.097711563110352,10.139873504638672,9.65404987335205,9.74947738647461,9.728468894958496,9.710787773132324,9.888053894042969,9.543633460998535
7.046329021453857,7.148940563201904,7.05162239074707,6.974486351013184,6.7347187995910645,6.874778747558594,6.882809638977051,7.022228240966797,7.033851146697998,6.842820167541504
9.109155654907227,9.4684476852417,8.924036979675293,9.182844161987305,9.47295093536377,9.446137428283691,9.29584789276123,9.636250495910645,9.419601440429688,9.42378044128418
8.088960647583008,7.955605983734131,8.309935569763184,7.759305477142334,8.021260261535645,8.237235069274902,7.787484169006348,7.966601371765137,7.839512348175049,7.769123077392578
4.8937788009643555,5.0481486320495605,4.853885650634766,4.758793830871582,4.868892192840576,4.761014461517334,4.843116760253906,4.716916561126709,4.843459129333496,4.593878746032715
1.8644355535507202,2.085144281387329,2.3440053462982178,2.0954060554504395,2.2293052673339844,2.0242726802825928,2.1249964237213135,2.0232787132263184,2.0589847564697266,2.111037015914917
6.635562896728516,6.769934177398682,6.588541507720947,6.724419593811035,6.833629131317139,7.066430568695068,6.636370658874512,6.608762741088867,6.523314476013184,6.71840238571167
4.701915740966797,4.818473815917969,4.940703868865967,4.6471943855285645,4.661467552185059,4.5489277839660645,4.897836685180664,5.161689281463623,5.087368965148926,4.736207962036133
3.0948703289031982,3.23043155670166,3.340407609939575,3.3350930213928223,3.312755823135376,3.1379354000091553,3.1397831439971924,3.530423641204834,3.0878071784973145,3.0337727069854736
5.103950023651123,5.151463031768799,5.102431297302246,5.1573615074157715,5.131239414215088,5.105727672576904,5.3641791343688965,5.254864692687988,5.218172550201416,4.948155403137207
4.929192066192627,5.438689231872559,5.153950214385986,5.042142868041992,5.091685771942139,5.29055118560791,5.125970840454102,5.182358741760254,4.954858303070068,5.211031913757324
4.666316986083984,4.883729457855225,4.921030521392822,4.6675615310668945,4.437100887298584,4.8663010597229,4.640808582305908,4.703701019287109,4.651494979858398,4.650571823120117
4.8190836906433105,4.906999111175537,4.729702949523926,4.795506477355957,4.788037300109863,4.911160945892334,4.753127098083496,4.907106876373291,4.828813076019287,4.943575382232666
10.15636920928955,10.588384628295898,10.064513206481934,9.670191764831543,10.414300918579102,10.400896072387695,10.532831192016602,10.136465072631836,10.247316360473633,10.09526252746582
4.007760524749756,4.098483562469482,3.970553159713745,3.897735118865967,4.164833068847656,3.988895893096924,4.021467208862305,4.101422309875488,3.9696333408355713,3.976902484893799
4.287075519561768,4.351404666900635,4.378223896026611,4.096416473388672,4.286522388458252,4.154607772827148,4.124397277832031,4.244379997253418,4.221123695373535,4.277957916259766
7.80086612701416,7.975917339324951,7.8212456703186035,7.803257465362549,7.778189659118652,7.6690287590026855,7.5543036460876465,7.664157390594482,7.833202838897705,7.987695693969727
7.915732383728027,8.438175201416016,8.228450775146484,7.966205596923828,8.173595428466797,8.045622825622559,8.370083808898926,8.138944625854492,7.925704002380371,8.107845306396484
4.497987747192383,4.414058685302734,4.352436065673828,4.393913269042969,4.210289001464844,4.397169589996338,4.485284328460693,4.552014350891113,4.594078540802002,4.398731708526611
7.3128485679626465,7.8414130210876465,7.572296619415283,7.40126371383667,7.567681312561035,7.654275417327881,7.435160160064697,7.629654407501221,7.455702781677246,7.46369743347168
8.579832077026367,9.252727508544922,9.148317337036133,8.67397689819336,8.996954917907715,8.795272827148438,8.900045394897461,9.040423393249512,8.575347900390625,8.822799682617188
4.805922508239746,4.847294330596924,4.841073989868164,4.993964672088623,4.943696975708008,4.650111198425293,4.484259605407715,4.827941417694092,4.692812442779541,5.143996715545654
9.610210418701172,9.934210777282715,9.987011909484863,9.33574104309082,9.513018608093262,9.940779685974121,10.104498863220215,9.53955078125,9.761795997619629,9.783883094787598
10.433688163757324,10.771039962768555,10.325940132141113,10.126608848571777,10.067355155944824,10.226945877075195,9.97248363494873,10.723075866699219,9.920282363891602,10.133170127868652
1.9394818544387817,1.8866970539093018,2.02941632270813,2.0279293060302734,1.9705275297164917,2.084277868270874,1.9286046028137207,2.0812761783599854,1.9032584428787231,1.9584885835647583
8.323741912841797,8.284496307373047,8.226621627807617,8.352605819702148,8.162762641906738,8.413224220275879,8.466978073120117,8.424214363098145,8.12763786315918,8.212584495544434
7.084907531738281,7.32594108581543,7.1368536949157715,6.876980781555176,7.089387893676758,7.354677200317383,7.040550231933594,7.060427188873291,6.9973859786987305,7.324748992919922
5.924973964691162,5.898268699645996,5.917922019958496,5.76072359085083,6.032264709472656,5.831505298614502,6.004413604736328,5.923722743988037,5.796306133270264,5.76053524017334
2.0945491790771484,2.0246644020080566,2.160278797149658,2.363097667694092,2.175837516784668,2.495805501937866,2.1475589275360107,2.291531801223755,2.246986150741577,2.014714241027832
7.687705993652344,7.788975715637207,7.684331893920898,7.651803016662598,7.480611801147461,7.695919513702393,7.526238441467285,7.68945837020874,7.746530532836914,7.519603729248047
4.821589469909668,5.1025004386901855,5.122416973114014,4.94463586807251,4.831218242645264,5.076717853546143,5.037746906280518,5.100311279296875,5.026492118835449,4.957703590393066
5.690040588378906,5.8053765296936035,5.64323091506958,5.587221145629883,5.520719528198242,5.5327348709106445,5.79155158996582,5.195838928222656,5.623992919921875,5.709662914276123
4.841750621795654,4.967512130737305,4.698671340942383,4.981754302978516,4.686378479003906,4.654750347137451,4.674152374267578,4.875920295715332,4.70570707321167,4.745631217956543
8.46129035949707,9.174193382263184,8.9753999710083,8.605825424194336,8.60667610168457,8.657224655151367,9.047772407531738,8.580897331237793,8.422969818115234,8.608241081237793
7.605961799621582,8.072369575500488,7.906102657318115,7.772000312805176,7.923011302947998,7.996765613555908,7.754880905151367,8.01556396484375,7.954974174499512,7.773321151733398
6.930484294891357,7.200057506561279,7.349092483520508,7.1156721115112305,7.280969619750977,7.14764928817749,7.0808515548706055,6.767709732055664,6.9218902587890625,6.905538082122803
3.8970088958740234,3.9295289516448975,3.5548465251922607,3.8483285903930664,3.833646297454834,4.033515930175781,3.7005927562713623,3.814439058303833,3.745718479156494,3.7711234092712402
6.043128967285156,6.289953231811523,6.014797687530518,6.3903069496154785,5.957233905792236,6.007521152496338,6.286329746246338,6.050612449645996,6.063046932220459,5.981228828430176
5.020139694213867,5.157037734985352,5.309902191162109,5.271023750305176,4.801820755004883,5.008551120758057,5.117610931396484,5.203604698181152,5.115789890289307,4.992095947265625
4.591509819030762,4.629047393798828,4.4531941413879395,4.395530700683594,4.360097885131836,4.5673747062683105,4.567619323730469,4.579219818115234,4.532801151275635,4.63744592666626
6.892886161804199,7.149990558624268,7.109091758728027,7.214527606964111,6.991300106048584,7.317572593688965,7.196908950805664,6.7933878898620605,7.413111209869385,6.989945888519287
10.446943283081055,10.798849105834961,10.36074447631836,10.243951797485352,10.383480072021484,10.623872756958008,10.617185592651367,10.216951370239258,10.284440994262695,10.6035795211792
5.328773021697998,5.69452428817749,5.429876327514648,5.347771644592285,5.3339362144470215,5.175899505615234,5.451882362365723,5.4660773277282715,5.442940711975098,5.479421615600586
4.230599403381348,4.478297710418701,4.2877373695373535,4.183223247528076,4.20824670791626,4.272926330566406,4.461965084075928,4.327601909637451,4.417137145996094,4.5109710693359375
4.820216178894043,4.957787036895752,5.01448917388916,5.108020305633545,4.960867881774902,5.097884654998779,4.706750392913818,5.234858989715576,5.071606159210205,5.120813369750977
1.9334509372711182,1.9491229057312012,2.0206382274627686,1.9149836301803589,1.8929903507232666,2.105787515640259,2.0478155612945557,1.9930065870285034,1.9453473091125488,1.935463786125183
6.527540683746338,7.091950416564941,6.706602573394775,6.8569560050964355,6.658982276916504,6.698952674865723,6.815722942352295,6.993544101715088,6.899784564971924,6.777781963348389
3.408968925476074,3.286839485168457,3.274275064468384,3.474782943725586,3.257694959640503,3.10127592086792,3.2970938682556152,3.2823946475982666,3.113100051879883,3.174617052078247
2.01636004447937,1.9339487552642822,2.1112446784973145,2.11773681640625,1.9455899000167847,2.0580456256866455,2.097482204437256,2.1535680294036865,2.007387161254883,2.195162057876587
9.739289283752441,10.388175010681152,9.790230751037598,10.01164436340332,10.03028392791748,10.007237434387207,9.840837478637695,10.111738204956055,9.880694389343262,10.136078834533691
6.2971272468566895,6.55899715423584,6.219130992889404,6.132148742675781,6.410888671875,6.101078987121582,6.348097324371338,6.313503742218018,6.395287036895752,6.10910701751709
10.318525314331055,10.757553100585938,10.41722297668457,10.283942222595215,10.453571319580078,10.467921257019043,10.495207786560059,10.473631858825684,9.780476570129395,10.369914054870605
4.4124298095703125,4.422652244567871,4.268150329589844,4.18310546875,4.377146244049072,4.5840325355529785,4.18727970123291,4.288267135620117,4.137203216552734,4.51711893081665
1.074450135231018,0.9169416427612305,1.1561501026153564,1.057204246520996,1.11363685131073,1.1126413345336914,1.082716941833496,1.1343125104904175,1.1569219827651978,1.1609179973602295
7.101573944091797,7.166922569274902,7.261173248291016,7.123025417327881,7.010640621185303,7.167861461639404,7.09843111038208,7.038252830505371,6.6903157234191895,6.923641204833984
5.737625598907471,6.055266857147217,5.846362590789795,5.757997989654541,5.678936958312988,5.788488864898682,5.56515645980835,5.793208122253418,5.617170810699463,5.522762775421143
1.886809229850769,1.839600920677185,1.8292567729949951,2.0204529762268066,1.813582181930542,2.126945734024048,1.8463599681854248,1.9635789394378662,1.8493378162384033,1.7502455711364746
3.117955446243286,3.324190378189087,3.273535966873169,3.1875176429748535,3.1537272930145264,3.373826742172241,3.1914401054382324,3.2391412258148193,3.089069366455078,3.2036828994750977
3.755133628845215,3.858034372329712,4.154909133911133,4.092585563659668,3.884338617324829,4.281781196594238,4.025720596313477,4.1478166580200195,3.859161615371704,3.8481273651123047
7.344289779663086,8.020244598388672,7.0970048904418945,7.383864402770996,7.448981761932373,7.368786334991455,7.703561305999756,7.643032073974609,7.423182010650635,7.370892524719238
5.400850296020508,5.600362300872803,5.485218524932861,5.476210594177246,5.475864887237549,5.339621543884277,5.2988715171813965,5.616487979888916,5.539046287536621,5.424105644226074
0.9989179968833923,0.9596201181411743,1.117971420288086,0.8994405269622803,1.0400334596633911,1.2557077407836914,1.0429644584655762,1.1175373792648315,1.1470996141433716,0.9875454306602478
2.5948715209960938,2.550708532333374,2.54756498336792,2.6351752281188965,2.484809637069702,2.5025837421417236,2.625922441482544,2.5144169330596924,2.495307683944702,2.4907851219177246
4.592470169067383,4.8057074546813965,4.479861259460449,4.635557651519775,4.644562721252441,4.513428211212158,4.835217475891113,4.841209888458252,4.661495685577393,4.743167877197266
5.666648864746094,5.675881385803223,5.795522212982178,5.687967777252197,5.805263519287109,5.630613327026367,5.942514419555664,5.696665287017822,5.6352386474609375,5.733501434326172
2.418426513671875,2.4788401126861572,2.809457302093506,2.6900453567504883,2.5095789432525635,2.517848253250122,2.503448724746704,2.6006276607513428,2.758091449737549,2.433035373687744
9.676831245422363,9.753805160522461,9.552301406860352,9.656216621398926,9.505555152893066,9.589923858642578,9.73780345916748,9.612765312194824,9.603286743164062,9.73414134979248
5.522944450378418,5.566561222076416,5.605148792266846,5.248843669891357,5.4050211906433105,5.5322394371032715,5.30966329574585,5.59815788269043,5.179146766662598,5.620582103729248
5.8397111892700195,5.993854999542236,5.9094414710998535,5.984689235687256,5.971724510192871,5.685320854187012,6.147736549377441,5.826894283294678,6.1367621421813965,6.000229835510254
2.346506357192993,2.519361734390259,2.2964556217193604,2.245457172393799,2.34677791595459,2.440048933029175,2.3675549030303955,2.478480577468872,2.435948371887207,2.2443647384643555
1.069585919380188,0.9955992698669434,1.0587365627288818,0.9780082702636719,1.1040946245193481,1.06756591796875,1.0758155584335327,1.0936574935913086,0.9235104918479919,1.0028448104858398
6.749062538146973,6.750038146972656,6.22287130355835,5.332993030548096,5.883951187133789,4.421796798706055,5.9653120040893555,5.555769920349121,3.6995768547058105,6.323064804077148
5.323512554168701,5.510611534118652,5.360218048095703,5.072773456573486,5.364307880401611,5.610344409942627,5.359870910644531,5.341147422790527,5.319135665893555,5.372438907623291
3.7161829471588135,3.6342763900756836,3.714482069015503,3.6735763549804688,3.6658780574798584,3.6036341190338135,3.6579267978668213,3.9370639324188232,3.586164951324463,3.7590649127960205
2.0033316612243652,1.7766804695129395,2.0584938526153564,2.0979690551757812,2.0452687740325928,1.9581536054611206,1.8801759481430054,2.027209520339966,1.919464111328125,1.8872138261795044
2.154050827026367,2.0564122200012207,2.313967704772949,2.3251399993896484,2.0655391216278076,2.2354371547698975,2.1870970726013184,2.1626200675964355,2.2953970432281494,2.046391487121582
2.1954338550567627,1.9676439762115479,2.1121435165405273,2.202286720275879,2.1129262447357178,2.043438673019409,1.9964220523834229,2.173980474472046,2.20272159576416,2.1578752994537354
10.165623664855957,10.398877143859863,10.306462287902832,10.244013786315918,10.110733032226562,10.273941993713379,10.462152481079102,10.65023136138916,10.18544864654541,10.302796363830566
3.0874106884002686,3.1256792545318604,3.2359607219696045,3.194296360015869,3.349363088607788,3.1932246685028076,3.11867356300354,3.2677958011627197,3.2354941368103027,3.21315860748291
2.36946702003479,2.142446517944336,2.2680115699768066,2.388645648956299,2.2875208854675293,2.320302724838257,2.2567436695098877,2.4046757221221924,2.292656421661377,2.481423854827881
4.849360466003418,5.062288761138916,4.754079818725586,5.040041923522949,4.9438042640686035,5.079469203948975,4.749380111694336,5.001917839050293,4.899542808532715,4.971024990081787
4.9286956787109375,5.185173511505127,5.231951713562012,5.135293483734131,4.928802490234375,4.70476770401001,5.073868274688721,5.0014848709106445,4.699099540710449,4.823457717895508
7.652931213378906,7.882168292999268,7.837919235229492,7.810384750366211,7.577549934387207,7.744154453277588,7.784269332885742,7.813249111175537,7.636050224304199,7.472982406616211
1.7118204832077026,1.5206223726272583,1.549346685409546,1.7355138063430786,1.5094715356826782,1.6557077169418335,1.7227367162704468,1.6802209615707397,1.7466773986816406,1.5764446258544922
4.986605167388916,4.985050678253174,4.634794235229492,4.882195949554443,4.572210311889648,4.675897121429443,4.804718017578125,4.6128106117248535,4.7961015701293945,4.681128025054932
2.9695026874542236,2.9398999214172363,3.163663625717163,3.1412787437438965,3.0404486656188965,3.135186195373535,3.1462972164154053,3.0828654766082764,3.0997233390808105,3.051685094833374
2.2838587760925293,2.2846004962921143,2.465268850326538,2.5394930839538574,2.3497698307037354,2.412287712097168,2.268251895904541,2.5832152366638184,2.557953357696533,2.5459554195404053
3.121185779571533,3.252866506576538,3.0100464820861816,3.007190227508545,2.8391692638397217,3.1092002391815186,3.1280441284179688,3.399156332015991,3.432710647583008,2.9755053520202637
5.572490692138672,5.342152118682861,5.4873809814453125,5.466470718383789,5.371138572692871,5.327001571655273,5.387478828430176,5.22860860824585,5.199715614318848,5.384244918823242
6.736443042755127,7.09616756439209,6.724475383758545,6.893775939941406,6.946478366851807,7.1448845863342285,6.9402337074279785,6.919425010681152,7.320442199707031,6.947549343109131
0.9465102553367615,0.9859969615936279,0.9827524423599243,0.969723105430603,1.05280339717865,0.9191172122955322,1.0424059629440308,1.041428804397583,1.1009979248046875,0.9492074251174927
6.271798610687256,6.784246444702148,6.576054096221924,6.379139423370361,6.546749591827393,6.802506446838379,6.284193992614746,6.510253429412842,6.576677322387695,6.3865227699279785
10.059564590454102,9.92427921295166,10.213592529296875,10.053051948547363,10.035064697265625,9.886754989624023,9.89649486541748,9.739669799804688,9.968709945678711,10.130860328674316
7.665983200073242,7.8746418952941895,7.823812007904053,7.545843124389648,7.605134010314941,8.059382438659668,7.667901039123535,7.799893379211426,7.629040241241455,7.820199012756348
3.6088573932647705,3.246525526046753,3.240004777908325,3.200679302215576,3.1986212730407715,3.2597150802612305,3.371217727661133,3.5280938148498535,3.1576061248779297,3.2019927501678467
7.440979480743408,7.502968788146973,7.463490009307861,7.489144802093506,7.470040321350098,7.378933429718018,7.582414627075195,7.580433368682861,7.178729057312012,7.355798244476318
6.802676677703857,6.7757439613342285,7.02937126159668,6.935020923614502,7.107562065124512,7.060666084289551,6.653369426727295,6.848306655883789,6.76725959777832,6.822885036468506
7.315774917602539,7.356320858001709,7.399782657623291,6.891758918762207,7.114146709442139,7.141720771789551,7.039276123046875,7.344948768615723,6.903317451477051,7.140623092651367
3.183647394180298,3.392009973526001,3.43005108833313,3.4028167724609375,3.2844431400299072,3.2012054920196533,3.3372232913970947,3.3874309062957764,3.07814621925354,3.282174825668335
2.3020052909851074,2.196143627166748,2.5193121433258057,2.3177270889282227,2.2491464614868164,2.3395416736602783,2.47125506401062,2.4158689975738525,2.5347821712493896,2.205988883972168
6.084149360656738,6.521361351013184,6.625581741333008,6.19676399230957,6.394260406494141,6.3795857429504395,6.3934502601623535,6.400110244750977,6.298872470855713,6.50452995300293
2.9996278285980225,2.8902952671051025,2.837557792663574,2.8077054023742676,2.9318490028381348,2.982028007507324,2.8361010551452637,2.9563417434692383,2.9103190898895264,2.8731582164764404
3.2776052951812744,3.251784563064575,3.2922868728637695,3.0302486419677734,2.9365713596343994,3.1786551475524902,3.1161913871765137,3.1911838054656982,2.971144676208496,3.273864507675171
3.824796676635742,3.97693133354187,3.8481991291046143,4.007659912109375,3.6891822814941406,3.8304338455200195,3.7838997840881348,3.937572717666626,3.6373131275177,3.690615653991699
3.8696041107177734,4.0115180015563965,3.867727518081665,3.966440200805664,3.969287633895874,4.09909200668335,3.923333168029785,4.112082004547119,3.6900577545166016,4.153350830078125
5.039425373077393,5.126091003417969,4.9884257316589355,5.305742263793945,5.346953392028809,5.113275051116943,5.117593288421631,5.244424343109131,4.931360244750977,5.288568019866943
4.574345111846924,4.634105205535889,4.7541608810424805,4.768797397613525,4.709725856781006,4.850287437438965,4.686582088470459,4.656791687011719,4.732020854949951,4.538659572601318
6.224666595458984,6.426609992980957,6.507070064544678,6.586132526397705,6.521071434020996,6.387923240661621,6.407227039337158,6.56669807434082,6.490951061248779,6.621275901794434
2.7725815773010254,2.6704258918762207,2.395900011062622,2.7280263900756836,2.753502130508423,2.6878437995910645,2.582958698272705,2.6700425148010254,2.6419506072998047,2.5749471187591553
6.018368244171143,5.959115505218506,6.565467357635498,6.270045280456543,6.348128318786621,6.404685020446777,6.228013515472412,6.141416072845459,6.4017462730407715,6.473859786987305
6.245282173156738,6.0289082527160645,6.151706218719482,6.000033378601074,6.200949668884277,6.176362991333008,6.300818920135498,6.175161361694336,6.172641754150391,6.27232027053833
7.9550628662109375,8.105159759521484,7.8946356773376465,8.057022094726562,7.955744743347168,7.881037712097168,8.294639587402344,7.861222743988037,8.01107120513916,7.400643348693848
2.759256601333618,2.4725780487060547,2.421987771987915,2.6293749809265137,2.471766233444214,2.756743907928467,2.3884384632110596,2.605734348297119,2.4236679077148438,2.3701462745666504
7.593409061431885,7.733485698699951,7.762328147888184,7.613133430480957,7.839686870574951,7.77867317199707,7.694509506225586,7.661153793334961,7.429797172546387,7.705663681030273
3.070063591003418,3.2109551429748535,3.141453266143799,2.923990249633789,2.9408257007598877,3.0400264263153076,3.1450884342193604,3.1509172916412354,2.9497971534729004,2.9681832790374756
2.3337881565093994,2.0461230278015137,2.1205954551696777,2.171494960784912,2.137721061706543,2.1930432319641113,2.273176670074463,2.3125743865966797,1.9784443378448486,2.182069778442383
0.9695932269096375,0.8302401304244995,1.001407265663147,1.0118311643600464,0.9106079936027527,0.9256923794746399,1.010188341140747,1.090703010559082,1.0256507396697998,1.0426874160766602
8.26974105834961,8.2616605758667,8.659460067749023,8.3407621383667,8.23926830291748,8.575150489807129,8.244504928588867,8.094438552856445,8.314868927001953,8.398417472839355
7.936232566833496,8.225236892700195,8.114276885986328,7.988851547241211,8.296438217163086,8.426149368286133,7.9435224533081055,8.17821216583252,8.197239875793457,8.013548851013184
4.165206432342529,4.264560222625732,4.46296501159668,4.285759449005127,4.3753132820129395,4.263579845428467,4.106330871582031,4.275149822235107,4.296962738037109,4.260672569274902
1.2804616689682007,1.0663158893585205,1.268236517906189,1.1590576171875,1.4963711500167847,1.2106659412384033,1.1975886821746826,1.2206320762634277,1.3871392011642456,1.305898666381836
11.099054336547852,11.292601585388184,10.939788818359375,10.744437217712402,10.712129592895508,10.919713973999023,10.755261421203613,10.930407524108887,10.569801330566406,10.878063201904297
4.883557319641113,4.833931922912598,4.772055149078369,4.763929843902588,4.9889702796936035,4.73066520690918,4.991548538208008,4.838405132293701,4.596862316131592,4.843297481536865
2.574655294418335,2.4831783771514893,2.6041550636291504,2.767280101776123,2.470712184906006,2.4668338298797607,2.6058053970336914,2.5721042156219482,2.593791961669922,2.5070064067840576
6.841302871704102,6.976017475128174,7.041494369506836,6.719551086425781,7.061583518981934,6.950143337249756,6.763331413269043,6.718833923339844,7.094762802124023,6.981835842132568
6.12150764465332,6.547019958496094,6.677249908447266,6.255463600158691,6.336801528930664,6.106149673461914,6.55681848526001,6.396772861480713,6.307016372680664,6.382166862487793
4.775391578674316,5.050019264221191,4.64207649230957,4.9209980964660645,4.8749775886535645,4.668380260467529,4.9896769523620605,4.902120590209961,4.734760284423828,4.6007184982299805
2.9745724201202393,3.159907102584839,3.0053699016571045,3.0820698738098145,2.9725663661956787,3.147310972213745,3.130733013153076,3.454864263534546,2.898960828781128,2.9631001949310303
8.262691497802734,8.101557731628418,8.257511138916016,7.890632629394531,7.978714942932129,7.802133083343506,8.410414695739746,8.448891639709473,7.957093238830566,7.944159030914307
8.342447280883789,8.917922019958496,8.674837112426758,8.58388614654541,8.557690620422363,8.662474632263184,8.423959732055664,8.704529762268066,8.350719451904297,8.350326538085938
8.47365665435791,8.643481254577637,8.714229583740234,8.469475746154785,8.984992027282715,8.679726600646973,8.510294914245605,8.663307189941406,8.582524299621582,8.339455604553223
4.808708667755127,4.866740703582764,4.672627925872803,4.964081764221191,4.861026763916016,4.773954391479492,4.871557235717773,5.119058609008789,4.643540859222412,4.711418151855469
9.41260814666748,9.427824020385742,9.660134315490723,9.487199783325195,9.418252944946289,9.556392669677734,9.454303741455078,9.563230514526367,8.911555290222168,9.33191204071045
6.38106107711792,6.626098155975342,6.631794452667236,6.201257228851318,6.2639241218566895,6.2471818923950195,6.397290229797363,6.283210754394531,6.359493732452393,6.486270904541016
5.178997039794922,5.331223964691162,5.593935966491699,5.397040843963623,5.283608436584473,5.42450475692749,5.561182022094727,5.259267807006836,5.022899150848389,5.203541278839111
1.9544562101364136,1.869415521621704,2.0839991569519043,2.0647363662719727,1.8086141347885132,2.0722320079803467,2.0196967124938965,1.9820122718811035,1.9477049112319946,2.0043387413024902
6.22221565246582,6.201852798461914,6.499060153961182,6.128460884094238,6.281757354736328,6.478407859802246,6.141604423522949,6.403989315032959,6.303668975830078,6.0804290771484375
1.0462877750396729,0.9283208847045898,0.9898395538330078,0.9787822961807251,1.0713469982147217,0.9921268820762634,1.0240117311477661,1.0041446685791016,1.05094575881958,0.9355231523513794
2.0711193084716797,2.016606092453003,2.1861114501953125,2.1084632873535156,2.303415298461914,2.061065196990967,2.170733690261841,2.277381181716919,2.127307891845703,1.9127874374389648
4.442716598510742,4.6652727127075195,4.652046203613281,4.648327350616455,4.426835060119629,4.794181823730469,4.514981746673584,4.495495319366455,4.62269926071167,4.452040672302246
5.236442565917969,5.552098274230957,5.362967014312744,5.407736778259277,5.477723598480225,5.506595134735107,5.551002025604248,5.4623894691467285,5.540388107299805,5.366382598876953
4.598012924194336,4.799536228179932,4.7765302658081055,4.618512153625488,4.529951095581055,4.617756366729736,4.628513813018799,4.757884502410889,4.44236946105957,4.7817511558532715
4.982287883758545,5.190781116485596,5.224989891052246,5.109206199645996,5.07248592376709,4.86776065826416,5.115532875061035,4.778984069824219,4.860230922698975,5.0387773513793945
4.963753700256348,5.132681369781494,5.2423553466796875,5.445898056030273,5.226277828216553,5.324434757232666,5.232146739959717,5.306591987609863,5.119523525238037,5.1644792556762695
4.720817565917969,4.834950923919678,4.624758243560791,4.542087078094482,4.521879196166992,4.8391547203063965,4.394117832183838,4.72787618637085,4.615267753601074,4.765944004058838
0.9985994696617126,0.9481433629989624,1.221811294555664,1.0136553049087524,1.0017114877700806,1.0531874895095825,0.9929118752479553,1.0381312370300293,1.0744330883026123,1.0546836853027344
4.332496643066406,4.418842315673828,4.477118015289307,4.287360668182373,4.438385963439941,4.513675212860107,4.468556880950928,4.194485187530518,4.242751598358154,4.459980487823486
3.280693292617798,3.4653379917144775,3.3624675273895264,3.4035167694091797,3.406604766845703,3.2990188598632812,3.212864637374878,3.199665069580078,3.377652168273926,3.397033214569092
4.451998710632324,4.28612756729126,4.520322799682617,4.635239124298096,4.453419208526611,4.42610502243042,4.432929515838623,4.652716159820557,4.2544755935668945,4.578724384307861
1.0003464221954346,0.873120903968811,1.029837727546692,0.9731760025024414,0.968066394329071,0.9571253657341003,0.9746668934822083,0.9941228628158569,0.944774329662323,0.7956806421279907
10.23585033416748,10.17200756072998,9.888514518737793,9.485549926757812,9.709223747253418,10.108160972595215,9.475393295288086,9.689421653747559,9.83244514465332,9.899810791015625
4.077681541442871,4.47316837310791,4.474612712860107,4.208721160888672,4.203784942626953,3.996828079223633,4.184426784515381,4.45123291015625,4.325279235839844,4.090156555175781
3.9196152687072754,4.148256778717041,4.188948631286621,4.08350133895874,4.045510292053223,3.9914355278015137,3.84429669380188,3.887993574142456,3.9615492820739746,3.88865065574646
7.768726348876953,7.997560024261475,8.271405220031738,7.883455276489258,7.925739765167236,7.881674766540527,7.790660381317139,7.5782246589660645,8.194243431091309,7.595870018005371
2.2869534492492676,2.20712947845459,2.252208709716797,2.310730457305908,2.3363192081451416,2.390001058578491,2.575214385986328,2.3186862468719482,2.3091444969177246,2.327094316482544
1.956147313117981,1.9848272800445557,2.1162543296813965,2.052541732788086,1.9588593244552612,1.9517444372177124,2.0834152698516846,2.192941904067993,1.7950818538665771,1.8775924444198608
5.877421855926514,6.154350757598877,5.9632110595703125,5.981995105743408,5.8661789894104,5.735672473907471,5.805272579193115,5.863426685333252,5.8799729347229,5.650235176086426
0.9575756192207336,0.8984711170196533,0.8839603662490845,0.9709851741790771,0.9162456393241882,1.076230764389038,1.082175850868225,1.0703012943267822,1.0576732158660889,0.9944462180137634
8.42954158782959,8.694025039672852,8.838600158691406,8.431017875671387,8.64889144897461,8.591727256774902,8.685977935791016,8.666153907775879,8.519309043884277,8.747381210327148
6.622923851013184,7.044137954711914,6.813066005706787,6.73802375793457,6.6291608810424805,6.733422756195068,6.63054895401001,6.649676322937012,6.337342739105225,6.529195785522461
5.108640670776367,5.174289703369141,5.300848960876465,5.076437950134277,4.755624771118164,5.1008381843566895,4.995092391967773,5.195583820343018,4.866395950317383,5.191465377807617
2.150822639465332,1.9580247402191162,2.013476610183716,2.020066261291504,2.0538060665130615,2.018293857574463,1.9569945335388184,2.2517197132110596,2.2813780307769775,2.133589029312134
3.328897476196289,3.6237905025482178,3.535470724105835,3.5370078086853027,3.176604986190796,3.642017364501953,3.7471418380737305,3.4274227619171143,3.591339111328125,3.3732547760009766
